Naziv proizvoda;Šifra proizvoda;Marka proizvoda;Neto količina;Jedinica mjere;Maloprodajna cijena;Cijena za jedinicu mjere;MPC za vrijeme posebnog oblika prodaje;Poseban oblik prodaje;Najniža cijena u posljednjih 30 dana;Sidrena cijena;Barkod;Dostupnost;Valuta
3u1 Deka Soft Leptir - 200x230cm GRATIS jastučnice - Bež;56542678745475;;;kom;29,69;;;;25,99;25,99;;DA;EUR
3u1 Deka Soft Leptir - 200x230cm GRATIS jastučnice - Lila;56542678712707;;;kom;29,69;;;;25,99;25,99;;DA;EUR
3u1 Deka Soft Leptir - 200x230cm GRATIS jastučnice - Roza;56542678614403;;;kom;29,69;;;;25,99;25,99;;DA;EUR
3u1 Deka Soft Leptir - 200x230cm GRATIS jastučnice - Siva;56542678811011;;;kom;29,69;;;;25,99;25,99;;DA;EUR
3u1 Deka Soft Leptir - 200x230cm GRATIS jastučnice - Svijetlo siva;56542678679939;;;kom;29,69;;;;25,99;25,99;;DA;EUR
3u1 Deka Soft Leptir - 200x230cm GRATIS jastučnice - Tamno siva;56542678778243;;;kom;29,69;;;;25,99;25,99;;DA;EUR
3u1 Deka Soft Leptir - 200x230cm GRATIS jastučnice - Zelena;56542678647171;;;kom;29,69;;;;25,99;25,99;;DA;EUR
Auto punjač - New Science PC-01 - Bijela;57889967243651;New Science;;kom;11,55;;;;10,50;10,50;;DA;EUR
Auto punjač - New Science PC-01 - Crna;57889967210883;New Science;;kom;11,55;;;;10,50;10,50;;DA;EUR
Auto punjač - New Science SLD-C03 - Bijela;57889967145347;New Science;;kom;11,99;;;;10,90;10,90;;DA;EUR
Auto punjač - New Science SLD-C03 - Crna;57889967178115;New Science;;kom;11,99;;;;10,90;10,90;;DA;EUR
BE-09 Bežične Slušalice s Hi-Fi Zvukom;57889962262915;;;kom;17,49;;;;15,90;15,90;;DA;EUR
BE-10 Prozirne Bežične Slušalice s Hi-Fi Zvukom;57889961443715;;;kom;17,49;;;;15,90;15,90;;DA;EUR
Bežične Bluetooth slušalice BE-14 s Hi-Fi zvukom;57889961378179;;;kom;18,59;;;;16,90;16,90;;DA;EUR
Bežične Bluetooth slušalice J-12 s Hi-Fi zvukom;57889960493443;;;kom;21,89;;;;19,90;19,90;;DA;EUR
Bežične Bluetooth slušalice J-14;57889961345411;;;kom;19,58;;;;17,80;17,80;;DA;EUR
Bežične Slušalice A-622 – Bijele;57889961312643;;;kom;27,17;;;;24,70;24,70;;DA;EUR
Bežične Slušalice A-622 – Crne;57889961279875;;;kom;27,17;;;;24,70;24,70;;DA;EUR
Bežične slušalice A-628 - Bijela;57889960722819;;;kom;25,30;;;;23,00;23,00;;DA;EUR
Bežične slušalice A-628 - Siva;57889960690051;;;kom;25,30;;;;23,00;23,00;;DA;EUR
Bežične slušalice A-628 – Bijele;57889961247107;;;kom;26,95;;;;24,50;24,50;;DA;EUR
Bežične slušalice A-628 – Crna;57889961214339;;;kom;26,95;;;;24,50;24,50;;DA;EUR
Bežične slušalice A-628 – Crvena;57889960657283;;;kom;26,95;;;;24,50;24,50;;DA;EUR
Bežične slušalice A-628 – Ljubičasta;57889960624515;;;kom;26,95;;;;24,50;24,50;;DA;EUR
Bežične slušalice A-628 – zelene;57889961181571;;;kom;26,95;;;;24,50;24,50;;DA;EUR
Bežične slušalice A-636-1;57889960591747;;;kom;32,99;;;;29,99;29,99;;DA;EUR
Bežične slušalice s mačjim ušima A-626 - Bijele;57889961148803;New Science;;kom;32,89;;;;29,90;29,90;;DA;EUR
Bežične slušalice s mačjim ušima A-626 - Crne;57889960460675;New Science;;kom;32,89;;;;29,90;29,90;;DA;EUR
Bežični Auto Punjač - New Science WX-18;57889967014275;New Science;;kom;26,29;;;;23,90;23,90;;DA;EUR
Bežični Auto Punjač i Nosač - New Science WI-10 - Bijela;57889967079811;New Science;;kom;17,88;;;;16,25;16,25;;DA;EUR
Bežični Auto Punjač i Nosač - New Science WI-10 - Crna;57889967112579;New Science;;kom;17,88;;;;16,25;16,25;;DA;EUR
Bežični Auto Punjač s Nosačem - New Science WX-09;57889967047043;New Science;;kom;17,88;;;;16,25;16,25;;DA;EUR
Bluetooth lampa punjać - 3u1;57889962557827;;;kom;21,95;;;;19,95;19,95;;DA;EUR
Bluetooth lampa punjać - 4u1 (verzija sa satom budilicom);57889962590595;;;kom;28,11;;;;25,55;25,55;;DA;EUR
Božićna deka - 1 / 100x150;56622200390019;;;kom;16,49;;;;16,49;14,99;;DA;EUR
Božićna deka - 1 / 150x200;56622200422787;;;kom;19,79;;;;19,79;17,99;;DA;EUR
Božićna deka - 1 / 200x230;56622200455555;;;kom;23,09;;;;23,09;20,99;;DA;EUR
Božićna deka - 10 / 100x150;56622201274755;;;kom;16,49;;;;16,49;14,99;;DA;EUR
Božićna deka - 10 / 150x200;56622201307523;;;kom;19,79;;;;19,79;17,99;;DA;EUR
Božićna deka - 10 / 200x230;56622201340291;;;kom;23,09;;;;23,09;20,99;;DA;EUR
Božićna deka - 2 / 100x150;56622200488323;;;kom;16,49;;;;16,49;14,99;;DA;EUR
Božićna deka - 2 / 150x200;56622200521091;;;kom;19,79;;;;19,79;17,99;;DA;EUR
Božićna deka - 2 / 200x230;56622200553859;;;kom;23,09;;;;23,09;20,99;;DA;EUR
Božićna deka - 3 / 100x150;56622200586627;;;kom;16,49;;;;16,49;14,99;;DA;EUR
Božićna deka - 3 / 150x200;56622200619395;;;kom;19,79;;;;19,79;17,99;;DA;EUR
Božićna deka - 3 / 200x230;56622200652163;;;kom;23,09;;;;23,09;20,99;;DA;EUR
Božićna deka - 4 / 100x150;56622200684931;;;kom;16,49;;;;16,49;14,99;;DA;EUR
Božićna deka - 4 / 150x200;56622200717699;;;kom;19,79;;;;19,79;17,99;;DA;EUR
Božićna deka - 4 / 200x230;56622200750467;;;kom;23,09;;;;23,09;20,99;;DA;EUR
Božićna deka - 5 / 100x150;56622200783235;;;kom;16,49;;;;16,49;14,99;;DA;EUR
Božićna deka - 5 / 150x200;56622200816003;;;kom;19,79;;;;19,79;17,99;;DA;EUR
Božićna deka - 5 / 200x230;56622200848771;;;kom;23,09;;;;23,09;20,99;;DA;EUR
Božićna deka - 6 / 100x150;56622200881539;;;kom;16,49;;;;16,49;14,99;;DA;EUR
Božićna deka - 6 / 150x200;56622200914307;;;kom;19,79;;;;19,79;17,99;;DA;EUR
Božićna deka - 6 / 200x230;56622200947075;;;kom;23,09;;;;23,09;20,99;;DA;EUR
Božićna deka - 7 / 100x150;56622200979843;;;kom;16,49;;;;16,49;14,99;;DA;EUR
Božićna deka - 7 / 150x200;56622201012611;;;kom;19,79;;;;19,79;17,99;;DA;EUR
Božićna deka - 7 / 200x230;56622201045379;;;kom;23,09;;;;23,09;20,99;;DA;EUR
Božićna deka - 8 / 100x150;56622201078147;;;kom;16,49;;;;16,49;14,99;;DA;EUR
Božićna deka - 8 / 150x200;56622201110915;;;kom;19,79;;;;19,79;17,99;;DA;EUR
Božićna deka - 8 / 200x230;56622201143683;;;kom;23,09;;;;23,09;20,99;;DA;EUR
Božićna deka - 9 / 100x150;56622201176451;;;kom;16,49;;;;16,49;14,99;;DA;EUR
Božićna deka - 9 / 150x200;56622201209219;;;kom;19,79;;;;19,79;17,99;;DA;EUR
Božićna deka - 9 / 200x230;56622201241987;;;kom;23,09;;;;23,09;20,99;;DA;EUR
BT 5.0 Mačje Uho Bežične Slušalice A-633 – Zelene;57889961116035;;;kom;32,89;;;;29,90;29,90;;DA;EUR
Bubble deka (200x230) - 1;56773194940803;;;kom;21,99;;;;19,99;19,99;;DA;EUR
Bubble deka (200x230) - 2;56773194973571;;;kom;21,99;;;;19,99;19,99;;DA;EUR
Bubble deka (200x230) - 3;56773195006339;;;kom;21,99;;;;19,99;19,99;;DA;EUR
Bubble deka (200x230) - 4;56773195039107;;;kom;21,99;;;;19,99;19,99;;DA;EUR
Bubble deka (200x230) - 5;56773195071875;;;kom;21,99;;;;19,99;19,99;;DA;EUR
Bubble deka (200x230) - 6;56773195104643;;;kom;21,99;;;;19,99;19,99;;DA;EUR
Bubble deka (200x230) - 7;56773195137411;;;kom;21,99;;;;19,99;19,99;;DA;EUR
Bundle Builder #1;62741269086595;;;kom;0,00;;;;0,00;;;DA;EUR
Daily deka - 1;57360179626371;;;kom;19,79;;;;17,99;17,99;;DA;EUR
Daily deka - 2;57360179659139;;;kom;19,79;;;;17,99;17,99;;DA;EUR
Daily deka - 3;57360179691907;;;kom;19,79;;;;17,99;17,99;;DA;EUR
Daily deka - 4;57360179724675;;;kom;19,79;;;;17,99;17,99;;DA;EUR
Daily deka - 5;57360179757443;;;kom;19,79;;;;17,99;17,99;;DA;EUR
Daily deka - 6;57360179790211;;;kom;19,79;;;;17,99;17,99;;DA;EUR
Daily deka - 7;57360179822979;;;kom;19,79;;;;17,99;17,99;;DA;EUR
Debela deka - 150x200 - 1;56542720622979;;;kom;27,49;;;;24,99;24,99;;DA;EUR
Debela deka - 150x200 - 2;56542720655747;;;kom;27,49;;;;24,99;24,99;;DA;EUR
Debela deka - 150x200 - 3;56542720688515;;;kom;27,49;;;;24,99;24,99;;DA;EUR
Debela deka - 150x200 - 4;56542720721283;;;kom;27,49;;;;24,99;24,99;;DA;EUR
Debela deka - 150x200 - 5;56542720754051;;;kom;27,49;;;;24,99;24,99;;DA;EUR
Debela deka - 150x200 - 6;56542720786819;;;kom;27,49;;;;24,99;24,99;;DA;EUR
Debela deka - 150x200 - 7;56542720819587;;;kom;27,49;;;;24,99;24,99;;DA;EUR
Deka cvijet - 1;56446265655683;;;kom;21,99;;;;19,99;19,99;;DA;EUR
Deka cvijet - 2;56446265688451;;;kom;21,99;;;;19,99;19,99;;DA;EUR
Deka cvijet - 3;56446265721219;;;kom;21,99;;;;19,99;19,99;;DA;EUR
Deka cvijet - 4;56446265753987;;;kom;21,99;;;;19,99;19,99;;DA;EUR
Deka cvijet - 5;56446265786755;;;kom;21,99;;;;19,99;19,99;;DA;EUR
Deka cvijet - 6;56446265819523;;;kom;21,99;;;;19,99;19,99;;DA;EUR
Deka cvijet - 7;56446265852291;;;kom;21,99;;;;19,99;19,99;;DA;EUR
Deka duplo 200x240 cm – topla, mekana i savršena za zimske noći! ❄️ - #1;56733202776451;;;kom;47,29;;;;42,99;42,99;;DA;EUR
Deka duplo 200x240 cm – topla, mekana i savršena za zimske noći! ❄️ - #10;56733203071363;;;kom;47,29;;;;42,99;42,99;;DA;EUR
Deka duplo 200x240 cm – topla, mekana i savršena za zimske noći! ❄️ - #11;56733203104131;;;kom;47,29;;;;42,99;42,99;;DA;EUR
Deka duplo 200x240 cm – topla, mekana i savršena za zimske noći! ❄️ - #12;56733203136899;;;kom;47,29;;;;42,99;42,99;;DA;EUR
Deka duplo 200x240 cm – topla, mekana i savršena za zimske noći! ❄️ - #13;56733203169667;;;kom;47,29;;;;42,99;42,99;;DA;EUR
Deka duplo 200x240 cm – topla, mekana i savršena za zimske noći! ❄️ - #2;56733202809219;;;kom;47,29;;;;42,99;42,99;;DA;EUR
Deka duplo 200x240 cm – topla, mekana i savršena za zimske noći! ❄️ - #3;56733202841987;;;kom;47,29;;;;42,99;42,99;;DA;EUR
Deka duplo 200x240 cm – topla, mekana i savršena za zimske noći! ❄️ - #4;56733202874755;;;kom;47,29;;;;42,99;42,99;;DA;EUR
Deka duplo 200x240 cm – topla, mekana i savršena za zimske noći! ❄️ - #5;56733202907523;;;kom;47,29;;;;42,99;42,99;;DA;EUR
Deka duplo 200x240 cm – topla, mekana i savršena za zimske noći! ❄️ - #6;56733202940291;;;kom;47,29;;;;42,99;42,99;;DA;EUR
Deka duplo 200x240 cm – topla, mekana i savršena za zimske noći! ❄️ - #7;56733202973059;;;kom;47,29;;;;42,99;42,99;;DA;EUR
Deka duplo 200x240 cm – topla, mekana i savršena za zimske noći! ❄️ - #8;56733203005827;;;kom;47,29;;;;42,99;42,99;;DA;EUR
Deka duplo 200x240 cm – topla, mekana i savršena za zimske noći! ❄️ - #9;56733203038595;;;kom;47,29;;;;42,99;42,99;;DA;EUR
Deka ELEGANCE 200x230 cm - #1;55681196163459;;;kom;43,99;;;;39,99;39,99;;DA;EUR
Deka ELEGANCE 200x230 cm - #2;55681196196227;;;kom;43,99;;;;39,99;39,99;;DA;EUR
Deka ELEGANCE 200x230 cm - #3;55681196228995;;;kom;43,99;;;;39,99;39,99;;DA;EUR
Deka ELEGANCE 200x230 cm - #4;55681196261763;;;kom;43,99;;;;39,99;39,99;;DA;EUR
Deka ELEGANCE 200x230 cm - #5;55681196294531;;;kom;43,99;;;;39,99;39,99;;DA;EUR
Deka ELEGANCE 200x230 cm - #6;55681196327299;;;kom;43,99;;;;39,99;39,99;;DA;EUR
Deka HEX s krznom (200x230) - 1;56773195235715;;;kom;28,59;;;;25,99;25,99;;DA;EUR
Deka HEX s krznom (200x230) - 2;56773195268483;;;kom;28,59;;;;25,99;25,99;;DA;EUR
Deka HEX s krznom (200x230) - 3;56773195301251;;;kom;28,59;;;;25,99;25,99;;DA;EUR
Deka HEX s krznom (200x230) - 4;56773195334019;;;kom;28,59;;;;25,99;25,99;;DA;EUR
Deka HEX s krznom (200x230) - 5;56773195366787;;;kom;28,59;;;;25,99;25,99;;DA;EUR
Deka HEX s krznom (200x230) - 6;56773195399555;;;kom;28,59;;;;25,99;25,99;;DA;EUR
Deka HEX s krznom (200x230) - 7;56773195432323;;;kom;28,59;;;;25,99;25,99;;DA;EUR
"Deka za bračni krevet ""Velvet"" - #1";55681194000771;;;kom;30,79;;;;27,99;27,99;;NE;EUR
"Deka za bračni krevet ""Velvet"" - #2";55681194033539;;;kom;30,79;;;;27,99;27,99;;DA;EUR
"Deka za bračni krevet ""Velvet"" - #3";55681194066307;;;kom;30,79;;;;27,99;27,99;;DA;EUR
"Deka za bračni krevet ""Velvet"" - #4";55681194099075;;;kom;30,79;;;;27,99;27,99;;DA;EUR
"Deka za bračni krevet ""Velvet"" - #5";55681194131843;;;kom;30,79;;;;27,99;27,99;;DA;EUR
"Deka za bračni krevet ""Velvet"" - #6";55681194164611;;;kom;30,79;;;;27,99;27,99;;DA;EUR
"Deka za bračni krevet ""Velvet"" - #7";55681194197379;;;kom;30,79;;;;27,99;27,99;;DA;EUR
Dekorativna deka - 1;56446268113283;;;kom;21,99;;;;19,99;19,99;;DA;EUR
Dekorativna deka - 2;56446268146051;;;kom;21,99;;;;19,99;19,99;;DA;EUR
Dekorativna deka - 3;56446268178819;;;kom;21,99;;;;19,99;19,99;;DA;EUR
Dekorativna deka - 4;56446268211587;;;kom;21,99;;;;19,99;19,99;;DA;EUR
Dekorativna deka - 5;56446268244355;;;kom;21,99;;;;19,99;19,99;;DA;EUR
Deluxe soft deka 200x230cm - #1;55681190003075;;;kom;17,59;;;;15,99;15,99;;NE;EUR
Deluxe soft deka 200x230cm - #10;55681190297987;;;kom;17,59;;;;15,99;15,99;;NE;EUR
Deluxe soft deka 200x230cm - #11;55681190330755;;;kom;17,59;;;;15,99;15,99;;NE;EUR
Deluxe soft deka 200x230cm - #2;55681190035843;;;kom;17,59;;;;15,99;15,99;;NE;EUR
Deluxe soft deka 200x230cm - #3;55681190068611;;;kom;17,59;;;;15,99;15,99;;NE;EUR
Deluxe soft deka 200x230cm - #4;55681190101379;;;kom;17,59;;;;15,99;15,99;;NE;EUR
Deluxe soft deka 200x230cm - #5;55681190134147;;;kom;17,59;;;;15,99;15,99;;NE;EUR
Deluxe soft deka 200x230cm - #6;55681190166915;;;kom;17,59;;;;15,99;15,99;;NE;EUR
Deluxe soft deka 200x230cm - #7;55681190199683;;;kom;17,59;;;;15,99;15,99;;NE;EUR
Deluxe soft deka 200x230cm - #8;55681190232451;;;kom;17,59;;;;15,99;15,99;;NE;EUR
Deluxe soft deka 200x230cm - #9;55681190265219;;;kom;17,59;;;;15,99;15,99;;NE;EUR
Dvostruki organizator ladica s prugama;55681205174659;;;kom;10,99;;;;9,99;9,99;;DA;EUR
Ekstra soft deka 200×230 cm - #1;55681185448323;;;kom;16,49;;;;14,99;14,99;;DA;EUR
Ekstra soft deka 200×230 cm - #2;55681185481091;;;kom;16,49;;;;14,99;14,99;;DA;EUR
Ekstra soft deka 200×230 cm - #3;55681185513859;;;kom;16,49;;;;14,99;14,99;;DA;EUR
Ekstra soft deka 200×230 cm - #4;55681185546627;;;kom;16,49;;;;14,99;14,99;;DA;EUR
Ekstra soft deka 200×230 cm - #5;55681185579395;;;kom;16,49;;;;14,99;14,99;;DA;EUR
Ekstra soft deka 200×230 cm - #6;55681185612163;;;kom;16,49;;;;14,99;14,99;;DA;EUR
Ekstra soft deka 200×230 cm - #7;55681185644931;;;kom;16,49;;;;14,99;14,99;;DA;EUR
Ekstra soft deka 200×230 cm - #8;55681185677699;;;kom;16,49;;;;14,99;14,99;;DA;EUR
Ekstra soft deka 200×230 cm - #9;55681185710467;;;kom;16,49;;;;14,99;14,99;;DA;EUR
Fluffy deka 200x230 cm – savršena mekoća i toplina! 💤 - #1 tamno siva;56959078433155;;;kom;43,99;;;;39,99;39,99;;DA;EUR
Fluffy deka 200x230 cm – savršena mekoća i toplina! 💤 - #2 svijetlo siva;56959078465923;;;kom;43,99;;;;39,99;39,99;;DA;EUR
Fluffy deka 200x230 cm – savršena mekoća i toplina! 💤 - #3 roza;56733202612611;;;kom;43,99;;;;39,99;39,99;;DA;EUR
Fluffy deka 200x230 cm – savršena mekoća i toplina! 💤 - #4 bež;56959078498691;;;kom;43,99;;;;39,99;39,99;;DA;EUR
Fluffy deka 200x230 cm – savršena mekoća i toplina! 💤 - #5 tamna bež;56959078531459;;;kom;43,99;;;;39,99;39,99;;DA;EUR
Fur deka - 1 / 150x200;57360599613827;;;kom;25,29;;;;22,99;22,99;;DA;EUR
Fur deka - 1 / 200x230;57360599581059;;;kom;29,69;;;;26,99;26,99;;DA;EUR
Fur deka - 2 / 150x200;57360599679363;;;kom;25,29;;;;22,99;22,99;;DA;EUR
Fur deka - 2 / 200x230;57360599646595;;;kom;29,69;;;;26,99;26,99;;DA;EUR
Fur deka - 3 / 150x200;57360599744899;;;kom;25,29;;;;22,99;22,99;;DA;EUR
Fur deka - 3 / 200x230;57360599712131;;;kom;29,69;;;;26,99;26,99;;DA;EUR
Fur deka - 4 / 150x200;57360599810435;;;kom;25,29;;;;22,99;22,99;;DA;EUR
Fur deka - 4 / 200x230;57360599777667;;;kom;29,69;;;;26,99;26,99;;DA;EUR
Fur deka - 5 / 150x200;57360599875971;;;kom;25,29;;;;22,99;22,99;;DA;EUR
Fur deka - 5 / 200x230;57360599843203;;;kom;29,69;;;;26,99;26,99;;DA;EUR
Fur deka - 6 / 150x200;57360599941507;;;kom;25,29;;;;22,99;22,99;;DA;EUR
Fur deka - 6 / 200x230;57360599908739;;;kom;29,69;;;;26,99;26,99;;DA;EUR
Fur deka - 7 / 150x200;57360600007043;;;kom;25,29;;;;22,99;22,99;;DA;EUR
Fur deka - 7 / 200x230;57360599974275;;;kom;29,69;;;;26,99;26,99;;DA;EUR
Fur deka - 8 / 150x200;57360600072579;;;kom;25,29;;;;22,99;22,99;;DA;EUR
Fur deka - 8 / 200x230;57360600039811;;;kom;29,69;;;;26,99;26,99;;DA;EUR
Hipoalergena Vodootporna jastučnica 2+2 GRATIS - 50x70 cm;55681137803651;;;kom;15,39;;;;13,99;13,99;;DA;EUR
Hipoalergena Vodootporna jastučnica 2+2 GRATIS - 60x80 cm;55681137836419;;;kom;16,49;;;;14,99;14,99;;DA;EUR
J-15 Bežične Slušalice s LED Zaslonom;57889961083267;;;kom;21,89;;;;19,90;19,90;;DA;EUR
J-17 Bežične Slušalice s Hi-Fi Zvukom;57889960558979;;;kom;17,49;;;;15,90;15,90;;DA;EUR
Jastuk sa silikonskim granulama 50x70, 60x80 - 50x70 cm (1000g);55681157890435;;;kom;18,70;;;;17,00;17,00;;DA;EUR
Jastuk sa silikonskim granulama 50x70, 60x80 - 60x80 cm (1200g);55681157923203;;;kom;22,00;;;;20,00;20,00;;DA;EUR
Kamera za Video Nadzor JK-9291;55681104773507;;;kom;54,99;;;;54,99;49,99;;DA;EUR
Karaoke ZVUČNIK IPX5 SA dva mikrofona;57889963573635;;;kom;32,99;;;;29,99;29,99;;DA;EUR
Košara Za Rublje (veš);55901400170883;;;kom;21,99;;;;19,99;19,99;;DA;EUR
Krpe - set od 6 kuhinjskih krpa - 40x60cm - Kava;55681187742083;;;kom;16,49;;;;14,99;14,99;;DA;EUR
Krpe - set od 6 kuhinjskih krpa - 40x60cm - Lavanda;55681187643779;;;kom;16,49;;;;14,99;14,99;;DA;EUR
Krpe - set od 6 kuhinjskih krpa - 40x60cm - Masline;55681187709315;;;kom;16,49;;;;14,99;14,99;;NE;EUR
Krpe - set od 6 kuhinjskih krpa - 40x60cm - Morski;55681187611011;;;kom;16,49;;;;14,99;14,99;;NE;EUR
Krpe - set od 6 kuhinjskih krpa - 40x60cm - Sladoled;55681187807619;;;kom;16,49;;;;14,99;14,99;;NE;EUR
Krpe - set od 6 kuhinjskih krpa - 40x60cm - Torta;55681187676547;;;kom;16,49;;;;14,99;14,99;;NE;EUR
Krpe - set od 6 kuhinjskih krpa - 40x60cm - Voćni;55681187774851;;;kom;16,49;;;;14,99;14,99;;NE;EUR
Leaf Deka 200x230cm - #1 Tamno siva;62741300380035;;;kom;23,09;;;;23,09;;;DA;EUR
Leaf Deka 200x230cm - #2 Braon;62741300412803;;;kom;23,09;;;;23,09;;;DA;EUR
Leaf Deka 200x230cm - #3 Siva (svijetlo);62741300445571;;;kom;23,09;;;;23,09;;;DA;EUR
Leaf Deka 200x230cm - #4 Bež;62741300478339;;;kom;23,09;;;;23,09;;;DA;EUR
Leaf Deka 200x230cm - #5 Roza;62741300511107;;;kom;23,09;;;;23,09;;;DA;EUR
LED Noćna Svjetiljka Leptir;55681106968963;;;kom;7,70;;;;7,70;7,00;;DA;EUR
LED Noćna Svjetiljka u Obliku Pčele;55681107165571;;;kom;7,70;;;;7,70;7,00;;DA;EUR
LED Noćno Svjetlo HY8807;55681107296643;;;kom;6,60;;;;6,60;6,00;;DA;EUR
LED Noćno Svjetlo s Utičnicom;55681107460483;;;kom;6,60;;;;6,60;6,00;;DA;EUR
LED Solarna Svjetiljka DT-8;55681107657091;;;kom;16,50;;;;16,50;15,00;;DA;EUR
LED Stolna Lampa s Astronaut Dizajnom;55681107919235;;;kom;13,20;;;;13,20;12,00;;DA;EUR
LED Stolna Lampa sa podesivim Spiralnim Dizajnom;55681112179075;;;kom;9,89;;;;8,99;8,99;;DA;EUR
LED stolna lampa u obliku kita - Narančasta;55681108443523;;;kom;10,99;;;;10,99;9,99;;DA;EUR
LED stolna lampa u obliku kita - Zelena;55681108410755;;;kom;10,99;;;;10,99;9,99;;DA;EUR
LED stolna lampa za čitanje;55681108574595;;;kom;15,40;;;;15,40;14,00;;DA;EUR
LED stolna svjetiljka DL-15 – Moderni dizajn s astronautom;55681109197187;;;kom;10,99;;;;10,99;9,99;;DA;EUR
LED stolna svjetiljka DL-16 – dizajn puža;55681112342915;;;kom;13,19;;;;11,99;11,99;;DA;EUR
LED Svjetiljka DT-10;55681109361027;;;kom;15,39;;;;15,39;13,99;;DA;EUR
LED svjetlo za bicikl DL-27;55681109492099;;;kom;10,99;;;;10,99;9,99;;DA;EUR
LED svjetlo za bicikl DT-16;55681109590403;;;kom;14,30;;;;14,30;13,00;;DA;EUR
Lux-Soft deka od mikrovlakana - Bež;55681203732867;;;kom;34,09;;;;30,99;30,99;;DA;EUR
Lux-Soft deka od mikrovlakana - Ljubičasta;56503663427971;;;kom;34,09;;;;30,99;30,99;;DA;EUR
Lux-Soft deka od mikrovlakana - Plava;55681203667331;;;kom;34,09;;;;30,99;30,99;;DA;EUR
Lux-Soft deka od mikrovlakana - Roza;55681203700099;;;kom;34,09;;;;30,99;30,99;;DA;EUR
Lux-Soft deka od mikrovlakana - Smeđa;57319823835523;;;kom;34,09;;;;30,99;30,99;;DA;EUR
Lux-Soft deka od mikrovlakana - Tamnosiva;56503663362435;;;kom;34,09;;;;30,99;30,99;;DA;EUR
Lux-Soft deka od mikrovlakana - Zelena;55681203765635;;;kom;34,09;;;;30,99;30,99;;DA;EUR
LUXELUX 4 u 1 gel kapsule za pranje rublja – 50 kom;57005974126979;;;kom;9,89;;;;8,99;8,99;;DA;EUR
LUXELUX 7 u 1 kapsule za pranje rublja – 50 kom;57005973799299;;;kom;11,54;;;;10,49;10,49;;DA;EUR
LUXELUX 7 u 1 mirisne kapsule za pranje rublja – 30 kom;57005973864835;;;kom;8,79;;;;7,99;7,99;;DA;EUR
LUXELUX Deep Clean kapsule za pranje rublja – 50 kom;57005973963139;;;kom;12,09;;;;10,99;10,99;;DA;EUR
LUXELUX Deep Clean kapsule za pranje rublja – Perfume Sensation, 40 kom;57005973897603;;;kom;10,99;;;;9,99;9,99;;DA;EUR
LUXELUX Renew & Care kapsule za pranje – Miami’s Kiss, 25 kom;57005974061443;;;kom;10,99;;;;9,99;9,99;;DA;EUR
LUXELUX Renew & Care kapsule za pranje – Mystic Veil, 30 kom;57005973668227;;;kom;9,89;;;;8,99;8,99;;DA;EUR
Mekana deka LUX 200x230 cm - #1;55681192329603;;;kom;32,99;;;;29,99;29,99;;NE;EUR
Mekana deka LUX 200x230 cm - #2;55681192362371;;;kom;32,99;;;;29,99;29,99;;NE;EUR
Mekana deka LUX 200x230 cm - #3;55681192395139;;;kom;32,99;;;;29,99;29,99;;NE;EUR
Mekana deka LUX 200x230 cm - #4;55681192427907;;;kom;32,99;;;;29,99;29,99;;NE;EUR
Mekana deka LUX 200x230 cm - #5;55681192460675;;;kom;32,99;;;;29,99;29,99;;NE;EUR
Mekana deka LUX 200x230 cm - #6;55681192493443;;;kom;32,99;;;;29,99;29,99;;NE;EUR
Mekana deka LUX 200x230 cm - #7;55681192526211;;;kom;32,99;;;;29,99;29,99;;NE;EUR
Mekana deka s tigrastim uzorkom (200x230) - 1;56773194547587;;;kom;21,99;;;;19,99;19,99;;DA;EUR
Mekana deka s tigrastim uzorkom (200x230) - 2;56773194580355;;;kom;21,99;;;;19,99;19,99;;DA;EUR
Mekana deka s tigrastim uzorkom (200x230) - 3;56773194613123;;;kom;21,99;;;;19,99;19,99;;DA;EUR
Mekana deka s tigrastim uzorkom (200x230) - 4;56773194645891;;;kom;21,99;;;;19,99;19,99;;DA;EUR
Mekana deka s tigrastim uzorkom (200x230) - 5;56773194678659;;;kom;21,99;;;;19,99;19,99;;NE;EUR
Memorijski jastuk - Bijela;55966442488195;;;kom;25,29;;;;22,99;22,99;;DA;EUR
Memorijski jastuk - Siva;55966442520963;;;kom;25,29;;;;22,99;22,99;;DA;EUR
MINI ZVUČNIK PC K5 (Crni);57889963540867;New Science;;kom;12,65;;;;11,50;11,50;;DA;EUR
MINI ZVUČNIK PC K6 (Bijeli);139623;New Science;;kom;15,95;;;;14,50;14,50;;DA;EUR
MINI ZVUČNIK PC K7 CRNI;139661;New Science;;kom;15,95;;;;14,50;14,50;;DA;EUR
MINI ZVUČNIK PC K9 (Bijeli);139654;New Science;;kom;15,95;;;;14,50;14,50;;DA;EUR
MINI ZVUČNIK PC K9 (Crni);139647;New Science;;kom;15,95;;;;14,50;14,50;;DA;EUR
MIS BEŽIČNI S-01 BIJELA;57889960427907;;;kom;13,20;;;;12,00;12,00;;DA;EUR
MIS BEŽIČNI S-01 SIVA;57889960362371;;;kom;13,20;;;;12,00;12,00;;DA;EUR
MIS BEŽIČNI S-02 BIJELA;57889960329603;;;kom;10,45;;;;9,50;9,50;;DA;EUR
MIS BEŽIČNI S-02 CRNI;57889959051651;;;kom;10,45;;;;9,50;9,50;;DA;EUR
MIS BEŽIČNI S-03 BIJELA;57889960296835;;;kom;11,55;;;;10,50;10,50;;DA;EUR
MIS BEŽIČNI S-03 SIVA;57889960264067;;;kom;11,55;;;;10,50;10,50;;DA;EUR
MIS BEŽIČNI S-04 CRNI;57889960231299;;;kom;14,29;;;;12,99;12,99;;DA;EUR
MIS BEŽIČNI S-04 SIVA;57889960198531;;;kom;14,29;;;;12,99;12,99;;DA;EUR
Miš bežični M2 Crni;57889960165763;;;kom;7,15;;;;6,50;6,50;;DA;EUR
Miš sa kabelom M2-4 CrnI;57889960132995;;;kom;9,35;;;;8,50;8,50;;DA;EUR
Miš sa kabelom M5 Crni;57889960034691;;;kom;8,25;;;;7,50;7,50;;DA;EUR
Miš sa kabelom M6 Crni;57889960001923;;;kom;8,25;;;;7,50;7,50;;DA;EUR
Miš sa kabelom M8 Bijeli;57889959969155;;;kom;8,25;;;;7,50;7,50;;DA;EUR
Miš sa kabelom M8 Crni;57889959346563;;;kom;8,69;;;;7,90;7,90;;DA;EUR
Miš sa kabelom N600 Bijeli;57889959281027;;;kom;6,60;;;;6,00;6,00;;DA;EUR
Miš sa kabelom N600 Crni;57889959018883;;;kom;6,60;;;;6,00;6,00;;DA;EUR
Multifunkcijski Daljinski CRC 707V;57889962295683;New Science;;kom;14,19;;;;12,90;12,90;;DA;EUR
Navlaka listići - Bijela;57493188051331;;;kom;26,39;;;;23,99;23,99;;DA;EUR
Navlaka listići - Siva;57493188084099;;;kom;26,39;;;;23,99;23,99;;DA;EUR
Navlaka listići - Smeđa;57493188116867;;;kom;26,39;;;;23,99;23,99;;DA;EUR
Navlaka Square - set 6 komada - Bež;55681217593731;;;kom;25,29;;;;22,99;22,99;;DA;EUR
Navlaka Square - set 6 komada - Bijela;55681217462659;;;kom;25,29;;;;22,99;22,99;;NE;EUR
Navlaka Square - set 6 komada - Bordo;57493187821955;;;kom;25,29;;;;22,99;22,99;;DA;EUR
Navlaka Square - set 6 komada - Crna;55681217528195;;;kom;25,29;;;;22,99;22,99;;DA;EUR
Navlaka Square - set 6 komada - Karamel;57493187756419;;;kom;25,29;;;;22,99;22,99;;DA;EUR
Navlaka Square - set 6 komada - Mint;57493187789187;;;kom;25,29;;;;22,99;22,99;;DA;EUR
Navlaka Square - set 6 komada - Plava;55681217823107;;;kom;25,29;;;;22,99;22,99;;DA;EUR
Navlaka Square - set 6 komada - Roza;55681217790339;;;kom;25,29;;;;22,99;22,99;;DA;EUR
Navlaka Square - set 6 komada - Svijetlo plava;55681217429891;;;kom;25,29;;;;22,99;22,99;;NE;EUR
Navlaka Square - set 6 komada - Svijetlo siva;55681217692035;;;kom;25,29;;;;22,99;22,99;;DA;EUR
Navlaka Square - set 6 komada - Tamno siva;55681217724803;;;kom;25,29;;;;22,99;22,99;;DA;EUR
Navlaka Square - set 6 komada - Tamno smeđa;55681217560963;;;kom;25,29;;;;22,99;22,99;;DA;EUR
Navlaka Square - set 6 komada - Tirkizna;55681217855875;;;kom;25,29;;;;22,99;22,99;;NE;EUR
Navlake  Shapefit - set 6 komada - #1;55681213235587;;;kom;25,29;;;;22,99;22,99;;DA;EUR
Navlake  Shapefit - set 6 komada - #10;55681213530499;;;kom;25,29;;;;22,99;22,99;;DA;EUR
Navlake  Shapefit - set 6 komada - #2;55681213268355;;;kom;25,29;;;;22,99;22,99;;NE;EUR
Navlake  Shapefit - set 6 komada - #3;55681213301123;;;kom;25,29;;;;22,99;22,99;;NE;EUR
Navlake  Shapefit - set 6 komada - #4;55681213333891;;;kom;25,29;;;;22,99;22,99;;DA;EUR
Navlake  Shapefit - set 6 komada - #5;55681213366659;;;kom;25,29;;;;22,99;22,99;;DA;EUR
Navlake  Shapefit - set 6 komada - #6;55681213399427;;;kom;25,29;;;;22,99;22,99;;NE;EUR
Navlake  Shapefit - set 6 komada - #7;55681213432195;;;kom;25,29;;;;22,99;22,99;;NE;EUR
Navlake  Shapefit - set 6 komada - #8;55681213464963;;;kom;25,29;;;;22,99;22,99;;NE;EUR
Navlake  Shapefit - set 6 komada - #9;55681213497731;;;kom;25,29;;;;22,99;22,99;;DA;EUR
Navlake Leaf - set 6 komada - 1;55681211498883;;;kom;26,39;;;;23,99;23,99;;NE;EUR
Navlake Leaf - set 6 komada - 2;55681211531651;;;kom;26,39;;;;23,99;23,99;;DA;EUR
Navlake Leaf - set 6 komada - 3;55681211564419;;;kom;26,39;;;;23,99;23,99;;DA;EUR
Navlake Leaf - set 6 komada - 4;55681211597187;;;kom;26,39;;;;23,99;23,99;;NE;EUR
Navlake Leaf - set 6 komada - 5;55681211629955;;;kom;26,39;;;;23,99;23,99;;NE;EUR
Navlake Leaf - set 6 komada - 6;55681211662723;;;kom;26,39;;;;23,99;23,99;;NE;EUR
Navlake Leaf - set 6 komada - 7;55681211695491;;;kom;26,39;;;;23,99;23,99;;DA;EUR
Navlake pletene sa uzorkom - Bež;57493187920259;;;kom;26,39;;;;23,99;23,99;;DA;EUR
Navlake pletene sa uzorkom - Bordo;57493187985795;;;kom;26,39;;;;23,99;23,99;;DA;EUR
Navlake pletene sa uzorkom - Karamel;57493187953027;;;kom;26,39;;;;23,99;23,99;;DA;EUR
Navlake pletene sa uzorkom - Smeđa;57493188018563;;;kom;26,39;;;;23,99;23,99;;DA;EUR
Navlake pletene sa uzorkom - Tamno siva;57493187887491;;;kom;26,39;;;;23,99;23,99;;DA;EUR
Navlake za stolice list - set 6 komada - Bež;55681143144835;;;kom;26,39;;;;23,99;23,99;;NE;EUR
Navlake za stolice list - set 6 komada - Crna;55681142915459;;;kom;26,39;;;;23,99;23,99;;DA;EUR
Navlake za stolice list - set 6 komada - Crvena (bordo);55681143079299;;;kom;26,39;;;;23,99;23,99;;DA;EUR
Navlake za stolice list - set 6 komada - Siva;55681142948227;;;kom;26,39;;;;23,99;23,99;;DA;EUR
Navlake za stolice list - set 6 komada - Smeđa (kamel);55681143013763;;;kom;26,39;;;;23,99;23,99;;NE;EUR
Navlake za stolice list - set 6 komada - Tamnosiva;55681142980995;;;kom;26,39;;;;23,99;23,99;;NE;EUR
Navlake za stolice list - set 6 komada - Tamnosmeđa;55681143046531;;;kom;26,39;;;;23,99;23,99;;DA;EUR
Navlake za stolice list - set 6 komada - Tirkizna;55681143112067;;;kom;26,39;;;;23,99;23,99;;DA;EUR
NewScience® Maskica za Mobitel Silikonski IP - iPhone 14 PLUS/13PRO MAX / Crna;57889966358915;New Science;;kom;6,05;;;;5,50;5,50;;DA;EUR
NewScience® Maskica za Mobitel Silikonski IP - iPhone 14 PLUS/13PRO MAX / Crvena;57889966457219;New Science;;kom;6,05;;;;5,50;5,50;;DA;EUR
NewScience® Maskica za Mobitel Silikonski IP - iPhone 14 PLUS/13PRO MAX / Ljubičasta;57889966489987;New Science;;kom;6,05;;;;5,50;5,50;;DA;EUR
NewScience® Maskica za Mobitel Silikonski IP - iPhone 14 PLUS/13PRO MAX / Ružičasta;57889966522755;New Science;;kom;6,05;;;;5,50;5,50;;DA;EUR
NewScience® Maskica za Mobitel Silikonski IP - iPhone 14 PLUS/13PRO MAX / Tamna plava;57889966391683;New Science;;kom;6,05;;;;5,50;5,50;;DA;EUR
NewScience® Maskica za Mobitel Silikonski IP - iPhone 14 PLUS/13PRO MAX / Zelene;57889966424451;New Science;;kom;6,05;;;;5,50;5,50;;DA;EUR
NewScience® Maskica za Mobitel Silikonski IP - iPhone 14 PRO / Crna;57889966162307;New Science;;kom;6,05;;;;5,50;5,50;;DA;EUR
NewScience® Maskica za Mobitel Silikonski IP - iPhone 14 PRO / Crvena;57889966260611;New Science;;kom;6,05;;;;5,50;5,50;;DA;EUR
NewScience® Maskica za Mobitel Silikonski IP - iPhone 14 PRO / Ljubičasta;57889966293379;New Science;;kom;6,05;;;;5,50;5,50;;DA;EUR
NewScience® Maskica za Mobitel Silikonski IP - iPhone 14 PRO / Ružičasta;57889966326147;New Science;;kom;6,05;;;;5,50;5,50;;DA;EUR
NewScience® Maskica za Mobitel Silikonski IP - iPhone 14 PRO / Tamna plava;57889966195075;New Science;;kom;6,05;;;;5,50;5,50;;DA;EUR
NewScience® Maskica za Mobitel Silikonski IP - iPhone 14 PRO / Zelene;57889966227843;New Science;;kom;6,05;;;;5,50;5,50;;DA;EUR
NewScience® Maskica za Mobitel Silikonski IP - iPhone 14 PROMAX / Crna;57889965965699;New Science;;kom;6,05;;;;5,50;5,50;;DA;EUR
NewScience® Maskica za Mobitel Silikonski IP - iPhone 14 PROMAX / Crvena;57889966064003;New Science;;kom;6,05;;;;5,50;5,50;;DA;EUR
NewScience® Maskica za Mobitel Silikonski IP - iPhone 14 PROMAX / Ljubičasta;57889966096771;New Science;;kom;6,05;;;;5,50;5,50;;DA;EUR
NewScience® Maskica za Mobitel Silikonski IP - iPhone 14 PROMAX / Ružičasta;57889966129539;New Science;;kom;6,05;;;;5,50;5,50;;DA;EUR
NewScience® Maskica za Mobitel Silikonski IP - iPhone 14 PROMAX / Tamna plava;57889965998467;New Science;;kom;6,05;;;;5,50;5,50;;DA;EUR
NewScience® Maskica za Mobitel Silikonski IP - iPhone 14 PROMAX / Zelene;57889966031235;New Science;;kom;6,05;;;;5,50;5,50;;DA;EUR
NewScience® Maskica za Mobitel Silikonski IP - iPhone 14/13/13PRO / Crna;57889966555523;New Science;;kom;6,05;;;;5,50;5,50;;DA;EUR
NewScience® Maskica za Mobitel Silikonski IP - iPhone 14/13/13PRO / Crvena;57889966653827;New Science;;kom;6,05;;;;5,50;5,50;;DA;EUR
NewScience® Maskica za Mobitel Silikonski IP - iPhone 14/13/13PRO / Ljubičasta;57889966686595;New Science;;kom;6,05;;;;5,50;5,50;;DA;EUR
NewScience® Maskica za Mobitel Silikonski IP - iPhone 14/13/13PRO / Ružičasta;57889966719363;New Science;;kom;6,05;;;;5,50;5,50;;DA;EUR
NewScience® Maskica za Mobitel Silikonski IP - iPhone 14/13/13PRO / Tamna plava;57889966588291;New Science;;kom;6,05;;;;5,50;5,50;;DA;EUR
NewScience® Maskica za Mobitel Silikonski IP - iPhone 14/13/13PRO / Zelene;57889966621059;New Science;;kom;6,05;;;;5,50;5,50;;DA;EUR
NewScience® Maskica za Mobitel Silikonski IP - iPhone 15 / Crna;57889965769091;New Science;;kom;6,05;;;;5,50;5,50;;DA;EUR
NewScience® Maskica za Mobitel Silikonski IP - iPhone 15 / Crvena;57889965867395;New Science;;kom;6,05;;;;5,50;5,50;;DA;EUR
NewScience® Maskica za Mobitel Silikonski IP - iPhone 15 / Ljubičasta;57889965900163;New Science;;kom;6,05;;;;5,50;5,50;;DA;EUR
NewScience® Maskica za Mobitel Silikonski IP - iPhone 15 / Ružičasta;57889965932931;New Science;;kom;6,05;;;;5,50;5,50;;DA;EUR
NewScience® Maskica za Mobitel Silikonski IP - iPhone 15 / Tamna plava;57889965801859;New Science;;kom;6,05;;;;5,50;5,50;;DA;EUR
NewScience® Maskica za Mobitel Silikonski IP - iPhone 15 / Zelene;57889965834627;New Science;;kom;6,05;;;;5,50;5,50;;DA;EUR
NewScience® Maskica za Mobitel Silikonski IP - iPhone 15 PLUS / Crna;57889965572483;New Science;;kom;6,05;;;;5,50;5,50;;DA;EUR
NewScience® Maskica za Mobitel Silikonski IP - iPhone 15 PLUS / Crvena;57889965670787;New Science;;kom;6,05;;;;5,50;5,50;;DA;EUR
NewScience® Maskica za Mobitel Silikonski IP - iPhone 15 PLUS / Ljubičasta;57889965703555;New Science;;kom;6,05;;;;5,50;5,50;;DA;EUR
NewScience® Maskica za Mobitel Silikonski IP - iPhone 15 PLUS / Ružičasta;57889965736323;New Science;;kom;6,05;;;;5,50;5,50;;DA;EUR
NewScience® Maskica za Mobitel Silikonski IP - iPhone 15 PLUS / Tamna plava;57889965605251;New Science;;kom;6,05;;;;5,50;5,50;;DA;EUR
NewScience® Maskica za Mobitel Silikonski IP - iPhone 15 PLUS / Zelene;57889965638019;New Science;;kom;6,05;;;;5,50;5,50;;DA;EUR
NewScience® Maskica za Mobitel Silikonski IP - iPhone 15 PRO / Crna;57889965375875;New Science;;kom;6,05;;;;5,50;5,50;;DA;EUR
NewScience® Maskica za Mobitel Silikonski IP - iPhone 15 PRO / Crvena;57889965474179;New Science;;kom;6,05;;;;5,50;5,50;;DA;EUR
NewScience® Maskica za Mobitel Silikonski IP - iPhone 15 PRO / Ljubičasta;57889965506947;New Science;;kom;6,05;;;;5,50;5,50;;DA;EUR
NewScience® Maskica za Mobitel Silikonski IP - iPhone 15 PRO / Ružičasta;57889965539715;New Science;;kom;6,05;;;;5,50;5,50;;DA;EUR
NewScience® Maskica za Mobitel Silikonski IP - iPhone 15 PRO / Tamna plava;57889965408643;New Science;;kom;6,05;;;;5,50;5,50;;DA;EUR
NewScience® Maskica za Mobitel Silikonski IP - iPhone 15 PRO / Zelene;57889965441411;New Science;;kom;6,05;;;;5,50;5,50;;DA;EUR
NewScience® Maskica za Mobitel Silikonski IP - iPhone 15 PROMAX / Crna;57889965179267;New Science;;kom;6,05;;;;5,50;5,50;;DA;EUR
NewScience® Maskica za Mobitel Silikonski IP - iPhone 15 PROMAX / Crvena;57889965277571;New Science;;kom;6,05;;;;5,50;5,50;;DA;EUR
NewScience® Maskica za Mobitel Silikonski IP - iPhone 15 PROMAX / Ljubičasta;57889965310339;New Science;;kom;6,05;;;;5,50;5,50;;DA;EUR
NewScience® Maskica za Mobitel Silikonski IP - iPhone 15 PROMAX / Ružičasta;57889965343107;New Science;;kom;6,05;;;;5,50;5,50;;DA;EUR
NewScience® Maskica za Mobitel Silikonski IP - iPhone 15 PROMAX / Tamna plava;57889965212035;New Science;;kom;6,05;;;;5,50;5,50;;DA;EUR
NewScience® Maskica za Mobitel Silikonski IP - iPhone 15 PROMAX / Zelene;57889965244803;New Science;;kom;6,05;;;;5,50;5,50;;DA;EUR
NewScience® Maskica za Mobitel Silikonski IP - iPhone 16 / Crna;57889964982659;New Science;;kom;6,05;;;;5,50;5,50;;DA;EUR
NewScience® Maskica za Mobitel Silikonski IP - iPhone 16 / Crvena;57889965080963;New Science;;kom;6,05;;;;5,50;5,50;;DA;EUR
NewScience® Maskica za Mobitel Silikonski IP - iPhone 16 / Ljubičasta;57889965113731;New Science;;kom;6,05;;;;5,50;5,50;;DA;EUR
NewScience® Maskica za Mobitel Silikonski IP - iPhone 16 / Ružičasta;57889965146499;New Science;;kom;6,05;;;;5,50;5,50;;DA;EUR
NewScience® Maskica za Mobitel Silikonski IP - iPhone 16 / Tamna plava;57889965015427;New Science;;kom;6,05;;;;5,50;5,50;;DA;EUR
NewScience® Maskica za Mobitel Silikonski IP - iPhone 16 / Zelene;57889965048195;New Science;;kom;6,05;;;;5,50;5,50;;DA;EUR
NewScience® Maskica za Mobitel Silikonski IP - iPhone 16 PLUS / Crna;57889964786051;New Science;;kom;6,05;;;;5,50;5,50;;DA;EUR
NewScience® Maskica za Mobitel Silikonski IP - iPhone 16 PLUS / Crvena;57889964884355;New Science;;kom;6,05;;;;5,50;5,50;;DA;EUR
NewScience® Maskica za Mobitel Silikonski IP - iPhone 16 PLUS / Ljubičasta;57889964917123;New Science;;kom;6,05;;;;5,50;5,50;;DA;EUR
NewScience® Maskica za Mobitel Silikonski IP - iPhone 16 PLUS / Ružičasta;57889964949891;New Science;;kom;6,05;;;;5,50;5,50;;DA;EUR
NewScience® Maskica za Mobitel Silikonski IP - iPhone 16 PLUS / Tamna plava;57889964818819;New Science;;kom;6,05;;;;5,50;5,50;;DA;EUR
NewScience® Maskica za Mobitel Silikonski IP - iPhone 16 PLUS / Zelene;57889964851587;New Science;;kom;6,05;;;;5,50;5,50;;DA;EUR
NewScience® Maskica za Mobitel Silikonski IP - iPhone 16 PRO / Crna;57889964589443;New Science;;kom;6,05;;;;5,50;5,50;;DA;EUR
NewScience® Maskica za Mobitel Silikonski IP - iPhone 16 PRO / Crvena;57889964687747;New Science;;kom;6,05;;;;5,50;5,50;;DA;EUR
NewScience® Maskica za Mobitel Silikonski IP - iPhone 16 PRO / Ljubičasta;57889964720515;New Science;;kom;6,05;;;;5,50;5,50;;DA;EUR
NewScience® Maskica za Mobitel Silikonski IP - iPhone 16 PRO / Ružičasta;57889964753283;New Science;;kom;6,05;;;;5,50;5,50;;DA;EUR
NewScience® Maskica za Mobitel Silikonski IP - iPhone 16 PRO / Tamna plava;57889964622211;New Science;;kom;6,05;;;;5,50;5,50;;DA;EUR
NewScience® Maskica za Mobitel Silikonski IP - iPhone 16 PRO / Zelene;57889964654979;New Science;;kom;6,05;;;;5,50;5,50;;DA;EUR
NewScience® Maskica za Mobitel Silikonski IP - iPhone 16 PROMAX / Crna;57889964392835;New Science;;kom;6,05;;;;5,50;5,50;;DA;EUR
NewScience® Maskica za Mobitel Silikonski IP - iPhone 16 PROMAX / Crvena;57889964491139;New Science;;kom;6,05;;;;5,50;5,50;;DA;EUR
NewScience® Maskica za Mobitel Silikonski IP - iPhone 16 PROMAX / Ljubičasta;57889964523907;New Science;;kom;6,05;;;;5,50;5,50;;DA;EUR
NewScience® Maskica za Mobitel Silikonski IP - iPhone 16 PROMAX / Ružičasta;57889964556675;New Science;;kom;6,05;;;;5,50;5,50;;DA;EUR
NewScience® Maskica za Mobitel Silikonski IP - iPhone 16 PROMAX / Tamna plava;57889964425603;New Science;;kom;6,05;;;;5,50;5,50;;DA;EUR
NewScience® Maskica za Mobitel Silikonski IP - iPhone 16 PROMAX / Zelene;57889964458371;New Science;;kom;6,05;;;;5,50;5,50;;DA;EUR
NewScience® Maskica za Mobitel Silikonski IP - iPhone 17 / Crna;57889963999619;New Science;;kom;6,05;;;;5,50;5,50;;DA;EUR
NewScience® Maskica za Mobitel Silikonski IP - iPhone 17 / Crvena;57889964097923;New Science;;kom;6,05;;;;5,50;5,50;;DA;EUR
NewScience® Maskica za Mobitel Silikonski IP - iPhone 17 / Ljubičasta;57889964130691;New Science;;kom;6,05;;;;5,50;5,50;;DA;EUR
NewScience® Maskica za Mobitel Silikonski IP - iPhone 17 / Ružičasta;57889964163459;New Science;;kom;6,05;;;;5,50;5,50;;DA;EUR
NewScience® Maskica za Mobitel Silikonski IP - iPhone 17 / Tamna plava;57889964032387;New Science;;kom;6,05;;;;5,50;5,50;;DA;EUR
NewScience® Maskica za Mobitel Silikonski IP - iPhone 17 / Zelene;57889964065155;New Science;;kom;6,05;;;;5,50;5,50;;DA;EUR
NewScience® Maskica za Mobitel Silikonski IP - iPhone 17 Air / Crna;57889964196227;New Science;;kom;6,05;;;;5,50;5,50;;DA;EUR
NewScience® Maskica za Mobitel Silikonski IP - iPhone 17 Air / Crvena;57889964294531;New Science;;kom;6,05;;;;5,50;5,50;;DA;EUR
NewScience® Maskica za Mobitel Silikonski IP - iPhone 17 Air / Ljubičasta;57889964327299;New Science;;kom;6,05;;;;5,50;5,50;;DA;EUR
NewScience® Maskica za Mobitel Silikonski IP - iPhone 17 Air / Ružičasta;57889964360067;New Science;;kom;6,05;;;;5,50;5,50;;DA;EUR
NewScience® Maskica za Mobitel Silikonski IP - iPhone 17 Air / Tamna plava;57889964228995;New Science;;kom;6,05;;;;5,50;5,50;;DA;EUR
NewScience® Maskica za Mobitel Silikonski IP - iPhone 17 Air / Zelene;57889964261763;New Science;;kom;6,05;;;;5,50;5,50;;DA;EUR
NewScience® Maskica za Mobitel Silikonski IP - iPhone 17 PRO / Crna;57889963803011;New Science;;kom;6,05;;;;5,50;5,50;;DA;EUR
NewScience® Maskica za Mobitel Silikonski IP - iPhone 17 PRO / Crvena;57889963901315;New Science;;kom;6,05;;;;5,50;5,50;;DA;EUR
NewScience® Maskica za Mobitel Silikonski IP - iPhone 17 PRO / Ljubičasta;57889963934083;New Science;;kom;6,05;;;;5,50;5,50;;DA;EUR
NewScience® Maskica za Mobitel Silikonski IP - iPhone 17 PRO / Ružičasta;57889963966851;New Science;;kom;6,05;;;;5,50;5,50;;DA;EUR
NewScience® Maskica za Mobitel Silikonski IP - iPhone 17 PRO / Tamna plava;57889963835779;New Science;;kom;6,05;;;;5,50;5,50;;DA;EUR
NewScience® Maskica za Mobitel Silikonski IP - iPhone 17 PRO / Zelene;57889963868547;New Science;;kom;6,05;;;;5,50;5,50;;DA;EUR
NewScience® Maskica za Mobitel Silikonski IP - iPhone 17 PROMAX / Crna;57889963606403;New Science;;kom;6,05;;;;5,50;5,50;;DA;EUR
NewScience® Maskica za Mobitel Silikonski IP - iPhone 17 PROMAX / Crvena;57889963704707;New Science;;kom;6,05;;;;5,50;5,50;;DA;EUR
NewScience® Maskica za Mobitel Silikonski IP - iPhone 17 PROMAX / Ljubičasta;57889963737475;New Science;;kom;6,05;;;;5,50;5,50;;DA;EUR
NewScience® Maskica za Mobitel Silikonski IP - iPhone 17 PROMAX / Ružičasta;57889963770243;New Science;;kom;6,05;;;;5,50;5,50;;DA;EUR
NewScience® Maskica za Mobitel Silikonski IP - iPhone 17 PROMAX / Tamna plava;57889963639171;New Science;;kom;6,05;;;;5,50;5,50;;DA;EUR
NewScience® Maskica za Mobitel Silikonski IP - iPhone 17 PROMAX / Zelene;57889963671939;New Science;;kom;6,05;;;;5,50;5,50;;DA;EUR
NewScience® Preklopna maskica za RedMi- Umjetna koža - NOTE 14 4G / Bordo;57889966850435;New Science;;kom;13,09;;;;11,90;11,90;;DA;EUR
NewScience® Preklopna maskica za RedMi- Umjetna koža - NOTE 14 4G / Crna;57889966752131;New Science;;kom;13,09;;;;11,90;11,90;;DA;EUR
NewScience® Preklopna maskica za RedMi- Umjetna koža - NOTE 14 4G / Tamna plava;57889966784899;New Science;;kom;13,09;;;;11,90;11,90;;DA;EUR
NewScience® Preklopna maskica za RedMi- Umjetna koža - NOTE 14 4G / Zelene;57889966817667;New Science;;kom;13,09;;;;11,90;11,90;;DA;EUR
NewScience®Zidni brzo punjač  1USB-C+1USB 25W+25W Model:12676;12676;New Science;;kom;14,19;;;;12,90;12,90;;DA;EUR
NewScience®Zidni brzo punjač  1USB-C+1USB 30W+30W  Model:39111;57889967407491;New Science;;kom;17,49;;;;15,90;15,90;;DA;EUR
NewScience®Zidni brzo punjač  2USB 24W Model:14755;14755;New Science;;kom;10,89;;;;9,90;9,90;;DA;EUR
NewScience®Zidni brzo punjač  2USB-C35W+35W Model:42572;42572;New Science;;kom;25,19;;;;22,90;22,90;;DA;EUR
NewScience®Zidni brzo punjač  3USB 20W+25W  Model:15523;15523;New Science;;kom;21,89;;;;19,90;19,90;;DA;EUR
NewScience®Zidni brzo punjač  PD TYPE C 30W  Model:15028;115028;New Science;;kom;13,09;;;;11,90;11,90;;DA;EUR
NewScience®Zidni brzo punjač  PD TYPE C 30W  Model:15257;15257;New Science;;kom;14,19;;;;12,90;12,90;;DA;EUR
NewScience®Zidni brzo punjač  PD TYPE C 30W  Model:15950;15950;New Science;;kom;13,09;;;;11,90;11,90;;DA;EUR
NewScience®Zidni brzo punjač  PD TYPE C 30W  Model:39104;39104;New Science;;kom;17,49;;;;15,90;15,90;;DA;EUR
NewScience®Zidni brzo punjač  PD TYPE C 30W  Model:43354;43354;New Science;;kom;10,89;;;;9,90;9,90;;DA;EUR
NewScience®Zidni brzo punjač  PD-USB-C 22.5W  Model:37452;37452;New Science;;kom;10,89;;;;9,90;9,90;;DA;EUR
NewScience®Zidni brzo punjač  PD-USB-C20W  Model:14229;14229;New Science;;kom;13,09;;;;11,90;11,90;;DA;EUR
NewScience®Zidni brzo punjač  PD-USB-C20W  Model:15875;15875;New Science;;kom;13,09;;;;11,90;11,90;;DA;EUR
NewScience®Zidni brzo punjač  QC   USB  - 25W Model:14670;SLD-T57;New Science;;kom;10,89;;;;9,90;9,90;;DA;EUR
NewScience®Zidni brzo punjač  USB 20W  Model:43736;43736;New Science;;kom;9,68;;;;8,80;8,80;;DA;EUR
NewScience®Zidni brzo punjač  USB 25W  Model:13932;13932;New Science;;kom;9,68;;;;8,80;8,80;;DA;EUR
NewScience®Zidni brzo punjač  USB 25W  Model:14670;14670;New Science;;kom;14,19;;;;12,90;12,90;;DA;EUR
NewScience®Zidni brzo punjač  USB 25W  Model:14724;14724;New Science;;kom;13,09;;;;11,90;11,90;;DA;EUR
NewScience®Zidni brzo punjač  USB 25W  Model:14724;57889968619907;New Science;;kom;13,09;;;;11,90;11,90;;DA;EUR
NewScience®Zidni brzo punjač  USB 25W  Model:15264;15264;New Science;;kom;14,19;;;;12,90;12,90;;DA;EUR
NewScience®Zidni brzo punjač  USB 25W  Model:15318;15318;New Science;;kom;13,09;;;;11,90;11,90;;DA;EUR
NewScience®Zidni brzo punjač  USB 25W  Model:44122;44122;New Science;;kom;10,45;;;;9,50;9,50;;DA;EUR
NewScience®Zidni brzo punjač  USB 25W  Model:44146;44146;New Science;;kom;9,68;;;;8,80;8,80;;DA;EUR
NewScience®Zidni brzo punjač  USB 40W  Model:14038;14038;New Science;;kom;14,19;;;;12,90;12,90;;DA;EUR
NewScience®Zidni punjač  USB 12W  Model:13581;13581;New Science;;kom;4,29;;;;3,90;3,90;;DA;EUR
NewScience®Zidni punjač  USB 15W  Model:14830;14830;New Science;;kom;9,68;;;;8,80;8,80;;DA;EUR
NewScience®Zidni punjač  USB 15W  Model:14847;14847;New Science;;kom;8,25;;;;7,50;7,50;;DA;EUR
NewScience®Zidni punjač  USB 15W  Model:15059;15059;New Science;;kom;8,25;;;;7,50;7,50;;DA;EUR
NewScience®Zidni punjač  USB 15W  Model:15615;15615;New Science;;kom;7,59;;;;6,90;6,90;;DA;EUR
Noćno svjetlo LED Sova;55681109787011;;;kom;6,60;;;;6,60;6,00;;DA;EUR
Organizator - set 3 komada - Bež;55681208516995;;;kom;10,99;;;;10,99;9,99;;NE;EUR
Organizator - set 3 komada - Crna;55681208418691;;;kom;10,99;;;;10,99;9,99;;NE;EUR
Organizator - set 3 komada - Lila;55681208549763;;;kom;10,99;;;;10,99;9,99;;NE;EUR
Organizator - set 3 komada - Siva;55681208451459;;;kom;10,99;;;;10,99;9,99;;NE;EUR
Organizator - set 3 komada - Smeđa;55681208484227;;;kom;10,99;;;;10,99;9,99;;NE;EUR
Organizator za čarape i donje rublje - L;55681207796099;;;kom;7,15;;;;6,50;6,50;;DA;EUR
Organizator za čarape i donje rublje - M;55681207763331;;;kom;6,59;;;;5,99;5,99;;DA;EUR
Organizator za čarape i donje rublje - S;55681207730563;;;kom;5,49;;;;4,99;4,99;;DA;EUR
Pametna Kamera SMS1;55681104937347;;;kom;62,70;;;;62,70;57,00;;DA;EUR
Pametna LED svjetiljka DL-3 – USB punjenje;55681109852547;;;kom;12,65;;;;12,65;11,50;;DA;EUR
Pamučne jastučnice 50x70 / 2+2 GRATIS - Bijela;55681157300611;;;kom;16,49;;;;14,99;14,99;;NE;EUR
Pamučne jastučnice 50x70 / 2+2 GRATIS - Breskva;55681157398915;;;kom;16,49;;;;14,99;14,99;;NE;EUR
Pamučne jastučnice 50x70 / 2+2 GRATIS - Crna;55681157202307;;;kom;16,49;;;;14,99;14,99;;NE;EUR
Pamučne jastučnice 50x70 / 2+2 GRATIS - Crvena;55681157333379;;;kom;16,49;;;;14,99;14,99;;NE;EUR
Pamučne jastučnice 50x70 / 2+2 GRATIS - Lila;55681157366147;;;kom;16,49;;;;14,99;14,99;;DA;EUR
Pamučne jastučnice 50x70 / 2+2 GRATIS - Ljubičasta;55681157104003;;;kom;16,49;;;;14,99;14,99;;DA;EUR
Pamučne jastučnice 50x70 / 2+2 GRATIS - Plava;55681157235075;;;kom;16,49;;;;14,99;14,99;;DA;EUR
Pamučne jastučnice 50x70 / 2+2 GRATIS - Roza;55681157464451;;;kom;16,49;;;;14,99;14,99;;DA;EUR
Pamučne jastučnice 50x70 / 2+2 GRATIS - Siva;55681157169539;;;kom;16,49;;;;14,99;14,99;;DA;EUR
Pamučne jastučnice 50x70 / 2+2 GRATIS - Svijetlo siva;55681157431683;;;kom;16,49;;;;14,99;14,99;;DA;EUR
Pamučne jastučnice 50x70 / 2+2 GRATIS - Tirkizna;55681157267843;;;kom;16,49;;;;14,99;14,99;;NE;EUR
Pamučne jastučnice 50x70 / 2+2 GRATIS - Žuta;55681157136771;;;kom;16,49;;;;14,99;14,99;;DA;EUR
Plahta (navlaka) za madrac - 14 boja - 220x240 / Bijela;55681116045699;;;kom;15,39;;;;13,99;13,99;;DA;EUR
Plahta (navlaka) za madrac - 14 boja - 220x240 / Boja lososa (narančasto-roza);55681116340611;;;kom;15,39;;;;13,99;13,99;;DA;EUR
Plahta (navlaka) za madrac - 14 boja - 220x240 / Crna;55681116078467;;;kom;15,39;;;;13,99;13,99;;DA;EUR
Plahta (navlaka) za madrac - 14 boja - 220x240 / Ljubičasta;55681116275075;;;kom;15,39;;;;13,99;13,99;;DA;EUR
Plahta (navlaka) za madrac - 14 boja - 220x240 / Plava;55681116111235;;;kom;15,39;;;;13,99;13,99;;DA;EUR
Plahta (navlaka) za madrac - 14 boja - 220x240 / Prašnjavoroza;55681116438915;;;kom;15,39;;;;13,99;13,99;;NE;EUR
Plahta (navlaka) za madrac - 14 boja - 220x240 / Siva;55681116242307;;;kom;15,39;;;;13,99;13,99;;DA;EUR
Plahta (navlaka) za madrac - 14 boja - 220x240 / Svijetloplava;55681116373379;;;kom;15,39;;;;13,99;13,99;;DA;EUR
Plahta (navlaka) za madrac - 14 boja - 220x240 / Svijetlosiva;55681116209539;;;kom;15,39;;;;13,99;13,99;;DA;EUR
Plahta (navlaka) za madrac - 14 boja - 220x240 / Svijetlozelena;55681116307843;;;kom;15,39;;;;13,99;13,99;;DA;EUR
Plahta (navlaka) za madrac - 14 boja - 220x240 / Svijetložuta;55681116406147;;;kom;15,39;;;;13,99;13,99;;DA;EUR
Plahta (navlaka) za madrac - 14 boja - 220x240 / Tamnocrvena (bordo);55681116176771;;;kom;15,39;;;;13,99;13,99;;DA;EUR
Plahta (navlaka) za madrac - 14 boja - 220x240 / Tamnoplava;55681116144003;;;kom;15,39;;;;13,99;13,99;;DA;EUR
Poplun, silikonske granule 140x200,220x240;55681158513027;;;kom;55,00;;;;50,00;50,00;;NE;EUR
Posteljina 3-dijelna jednokrevetna - 50 dezena - 1;55901798072707;;;kom;23,09;;;;20,99;20,99;;DA;EUR
Posteljina 3-dijelna jednokrevetna - 50 dezena - 10;55901798367619;;;kom;23,09;;;;20,99;20,99;;DA;EUR
Posteljina 3-dijelna jednokrevetna - 50 dezena - 11;55901798400387;;;kom;23,09;;;;20,99;20,99;;DA;EUR
Posteljina 3-dijelna jednokrevetna - 50 dezena - 12;55901798433155;;;kom;23,09;;;;20,99;20,99;;DA;EUR
Posteljina 3-dijelna jednokrevetna - 50 dezena - 13;55901798465923;;;kom;23,09;;;;20,99;20,99;;DA;EUR
Posteljina 3-dijelna jednokrevetna - 50 dezena - 14;55901798498691;;;kom;23,09;;;;20,99;20,99;;DA;EUR
Posteljina 3-dijelna jednokrevetna - 50 dezena - 15;55901798531459;;;kom;23,09;;;;20,99;20,99;;DA;EUR
Posteljina 3-dijelna jednokrevetna - 50 dezena - 16;55901798564227;;;kom;23,09;;;;20,99;20,99;;NE;EUR
Posteljina 3-dijelna jednokrevetna - 50 dezena - 17;55901798596995;;;kom;23,09;;;;20,99;20,99;;NE;EUR
Posteljina 3-dijelna jednokrevetna - 50 dezena - 18;55901798629763;;;kom;23,09;;;;20,99;20,99;;DA;EUR
Posteljina 3-dijelna jednokrevetna - 50 dezena - 19;55901798662531;;;kom;23,09;;;;20,99;20,99;;DA;EUR
Posteljina 3-dijelna jednokrevetna - 50 dezena - 2;55901798105475;;;kom;23,09;;;;20,99;20,99;;DA;EUR
Posteljina 3-dijelna jednokrevetna - 50 dezena - 20;57177796379011;;;kom;23,09;;;;20,99;20,99;;DA;EUR
Posteljina 3-dijelna jednokrevetna - 50 dezena - 21;57177796411779;;;kom;23,09;;;;20,99;20,99;;DA;EUR
Posteljina 3-dijelna jednokrevetna - 50 dezena - 22;57177796444547;;;kom;23,09;;;;20,99;20,99;;DA;EUR
Posteljina 3-dijelna jednokrevetna - 50 dezena - 23;57177796477315;;;kom;23,09;;;;20,99;20,99;;NE;EUR
Posteljina 3-dijelna jednokrevetna - 50 dezena - 24;57177796510083;;;kom;23,09;;;;20,99;20,99;;DA;EUR
Posteljina 3-dijelna jednokrevetna - 50 dezena - 25;57177796542851;;;kom;23,09;;;;20,99;20,99;;NE;EUR
Posteljina 3-dijelna jednokrevetna - 50 dezena - 26;57177796575619;;;kom;23,09;;;;20,99;20,99;;DA;EUR
Posteljina 3-dijelna jednokrevetna - 50 dezena - 27;57177796608387;;;kom;23,09;;;;20,99;20,99;;NE;EUR
Posteljina 3-dijelna jednokrevetna - 50 dezena - 28;57177796641155;;;kom;23,09;;;;20,99;20,99;;NE;EUR
Posteljina 3-dijelna jednokrevetna - 50 dezena - 29;57177796673923;;;kom;23,09;;;;20,99;20,99;;NE;EUR
Posteljina 3-dijelna jednokrevetna - 50 dezena - 3;55901798138243;;;kom;23,09;;;;20,99;20,99;;DA;EUR
Posteljina 3-dijelna jednokrevetna - 50 dezena - 30;57177796706691;;;kom;23,09;;;;20,99;20,99;;NE;EUR
Posteljina 3-dijelna jednokrevetna - 50 dezena - 31;57177796739459;;;kom;23,09;;;;20,99;20,99;;NE;EUR
Posteljina 3-dijelna jednokrevetna - 50 dezena - 32;57177796772227;;;kom;23,09;;;;20,99;20,99;;NE;EUR
Posteljina 3-dijelna jednokrevetna - 50 dezena - 33;57177796804995;;;kom;23,09;;;;20,99;20,99;;NE;EUR
Posteljina 3-dijelna jednokrevetna - 50 dezena - 34;57177796837763;;;kom;23,09;;;;20,99;20,99;;NE;EUR
Posteljina 3-dijelna jednokrevetna - 50 dezena - 35;57177796870531;;;kom;23,09;;;;20,99;20,99;;NE;EUR
Posteljina 3-dijelna jednokrevetna - 50 dezena - 36;57177796903299;;;kom;23,09;;;;20,99;20,99;;DA;EUR
Posteljina 3-dijelna jednokrevetna - 50 dezena - 37;57177796936067;;;kom;23,09;;;;20,99;20,99;;DA;EUR
Posteljina 3-dijelna jednokrevetna - 50 dezena - 38;57177796968835;;;kom;23,09;;;;20,99;20,99;;NE;EUR
Posteljina 3-dijelna jednokrevetna - 50 dezena - 39;57177797001603;;;kom;23,09;;;;20,99;20,99;;DA;EUR
Posteljina 3-dijelna jednokrevetna - 50 dezena - 4;55901798171011;;;kom;23,09;;;;20,99;20,99;;DA;EUR
Posteljina 3-dijelna jednokrevetna - 50 dezena - 40;57177797034371;;;kom;23,09;;;;20,99;20,99;;DA;EUR
Posteljina 3-dijelna jednokrevetna - 50 dezena - 41;57177797067139;;;kom;23,09;;;;20,99;20,99;;DA;EUR
Posteljina 3-dijelna jednokrevetna - 50 dezena - 42;57177797099907;;;kom;23,09;;;;20,99;20,99;;NE;EUR
Posteljina 3-dijelna jednokrevetna - 50 dezena - 5;55901798203779;;;kom;23,09;;;;20,99;20,99;;DA;EUR
Posteljina 3-dijelna jednokrevetna - 50 dezena - 6;55901798236547;;;kom;23,09;;;;20,99;20,99;;DA;EUR
Posteljina 3-dijelna jednokrevetna - 50 dezena - 7;55901798269315;;;kom;23,09;;;;20,99;20,99;;DA;EUR
Posteljina 3-dijelna jednokrevetna - 50 dezena - 8;55901798302083;;;kom;23,09;;;;20,99;20,99;;DA;EUR
Posteljina 3-dijelna jednokrevetna - 50 dezena - 9;55901798334851;;;kom;23,09;;;;20,99;20,99;;DA;EUR
Posteljina 6 - dijelna LUX - 1;55681134133635;;;kom;28,59;;;;25,99;25,99;;DA;EUR
Posteljina 6 - dijelna LUX - 10;55681134395779;;;kom;28,59;;;;25,99;25,99;;DA;EUR
Posteljina 6 - dijelna LUX - 100;57349001183619;;;kom;28,59;;;;25,99;25,99;;DA;EUR
Posteljina 6 - dijelna LUX - 101;57349001216387;;;kom;28,59;;;;25,99;25,99;;NE;EUR
Posteljina 6 - dijelna LUX - 102;57349001249155;;;kom;28,59;;;;25,99;25,99;;DA;EUR
Posteljina 6 - dijelna LUX - 103;57349001281923;;;kom;28,59;;;;25,99;25,99;;NE;EUR
Posteljina 6 - dijelna LUX - 104;57349001314691;;;kom;28,59;;;;25,99;25,99;;DA;EUR
Posteljina 6 - dijelna LUX - 105;57349001347459;;;kom;28,59;;;;25,99;25,99;;DA;EUR
Posteljina 6 - dijelna LUX - 106;57349001380227;;;kom;28,59;;;;25,99;25,99;;DA;EUR
Posteljina 6 - dijelna LUX - 107;57349001412995;;;kom;28,59;;;;25,99;25,99;;DA;EUR
Posteljina 6 - dijelna LUX - 108;57349001445763;;;kom;28,59;;;;25,99;25,99;;NE;EUR
Posteljina 6 - dijelna LUX - 109;57349001478531;;;kom;28,59;;;;25,99;25,99;;DA;EUR
Posteljina 6 - dijelna LUX - 11;55681134428547;;;kom;28,59;;;;25,99;25,99;;DA;EUR
Posteljina 6 - dijelna LUX - 110;57349001511299;;;kom;28,59;;;;25,99;25,99;;DA;EUR
Posteljina 6 - dijelna LUX - 111;57349001544067;;;kom;28,59;;;;25,99;25,99;;DA;EUR
Posteljina 6 - dijelna LUX - 112;57349001576835;;;kom;28,59;;;;25,99;25,99;;DA;EUR
Posteljina 6 - dijelna LUX - 113;57349001609603;;;kom;28,59;;;;25,99;25,99;;DA;EUR
Posteljina 6 - dijelna LUX - 114;57349001642371;;;kom;28,59;;;;25,99;25,99;;NE;EUR
Posteljina 6 - dijelna LUX - 115;57349001675139;;;kom;28,59;;;;25,99;25,99;;DA;EUR
Posteljina 6 - dijelna LUX - 12;55681134461315;;;kom;28,59;;;;25,99;25,99;;DA;EUR
Posteljina 6 - dijelna LUX - 13;55681134494083;;;kom;28,59;;;;25,99;25,99;;DA;EUR
Posteljina 6 - dijelna LUX - 14;55681134526851;;;kom;28,59;;;;25,99;25,99;;DA;EUR
Posteljina 6 - dijelna LUX - 15;55681134559619;;;kom;28,59;;;;25,99;25,99;;DA;EUR
Posteljina 6 - dijelna LUX - 16;55681134592387;;;kom;28,59;;;;25,99;25,99;;DA;EUR
Posteljina 6 - dijelna LUX - 17;55681134625155;;;kom;28,59;;;;25,99;25,99;;DA;EUR
Posteljina 6 - dijelna LUX - 18;55681134657923;;;kom;28,59;;;;25,99;25,99;;DA;EUR
Posteljina 6 - dijelna LUX - 19;55681134690691;;;kom;28,59;;;;25,99;25,99;;DA;EUR
Posteljina 6 - dijelna LUX - 2;55681134166403;;;kom;28,59;;;;25,99;25,99;;DA;EUR
Posteljina 6 - dijelna LUX - 20;55681134723459;;;kom;28,59;;;;25,99;25,99;;DA;EUR
Posteljina 6 - dijelna LUX - 21;55681134756227;;;kom;28,59;;;;25,99;25,99;;DA;EUR
Posteljina 6 - dijelna LUX - 22;55681134788995;;;kom;28,59;;;;25,99;25,99;;DA;EUR
Posteljina 6 - dijelna LUX - 23;55681134821763;;;kom;28,59;;;;25,99;25,99;;DA;EUR
Posteljina 6 - dijelna LUX - 24;55681134854531;;;kom;28,59;;;;25,99;25,99;;DA;EUR
Posteljina 6 - dijelna LUX - 25;55681134887299;;;kom;28,59;;;;25,99;25,99;;DA;EUR
Posteljina 6 - dijelna LUX - 26;55681134920067;;;kom;28,59;;;;25,99;25,99;;DA;EUR
Posteljina 6 - dijelna LUX - 27;55681134952835;;;kom;28,59;;;;25,99;25,99;;DA;EUR
Posteljina 6 - dijelna LUX - 28;55681134985603;;;kom;28,59;;;;25,99;25,99;;DA;EUR
Posteljina 6 - dijelna LUX - 29;55681135018371;;;kom;28,59;;;;25,99;25,99;;DA;EUR
Posteljina 6 - dijelna LUX - 3;55681134199171;;;kom;28,59;;;;25,99;25,99;;DA;EUR
Posteljina 6 - dijelna LUX - 30;55681135051139;;;kom;28,59;;;;25,99;25,99;;DA;EUR
Posteljina 6 - dijelna LUX - 31;55681135083907;;;kom;28,59;;;;25,99;25,99;;DA;EUR
Posteljina 6 - dijelna LUX - 32;55681135116675;;;kom;28,59;;;;25,99;25,99;;DA;EUR
Posteljina 6 - dijelna LUX - 33;55681135149443;;;kom;28,59;;;;25,99;25,99;;DA;EUR
Posteljina 6 - dijelna LUX - 34;55681135182211;;;kom;28,59;;;;25,99;25,99;;DA;EUR
Posteljina 6 - dijelna LUX - 35;55681135214979;;;kom;28,59;;;;25,99;25,99;;DA;EUR
Posteljina 6 - dijelna LUX - 36;56418608742787;;;kom;28,59;;;;25,99;25,99;;DA;EUR
Posteljina 6 - dijelna LUX - 37;55681135247747;;;kom;28,59;;;;25,99;25,99;;NE;EUR
Posteljina 6 - dijelna LUX - 38;55681135280515;;;kom;28,59;;;;25,99;25,99;;DA;EUR
Posteljina 6 - dijelna LUX - 39;55681135313283;;;kom;28,59;;;;25,99;25,99;;DA;EUR
Posteljina 6 - dijelna LUX - 4;55681134231939;;;kom;28,59;;;;25,99;25,99;;DA;EUR
Posteljina 6 - dijelna LUX - 40;55681135346051;;;kom;28,59;;;;25,99;25,99;;NE;EUR
Posteljina 6 - dijelna LUX - 41;55681135378819;;;kom;28,59;;;;25,99;25,99;;DA;EUR
Posteljina 6 - dijelna LUX - 42;55681135411587;;;kom;28,59;;;;25,99;25,99;;DA;EUR
Posteljina 6 - dijelna LUX - 43;55681135444355;;;kom;28,59;;;;25,99;25,99;;DA;EUR
Posteljina 6 - dijelna LUX - 44;55681135477123;;;kom;28,59;;;;25,99;25,99;;DA;EUR
Posteljina 6 - dijelna LUX - 45;55681135509891;;;kom;28,59;;;;25,99;25,99;;NE;EUR
Posteljina 6 - dijelna LUX - 46;55681135542659;;;kom;28,59;;;;25,99;25,99;;NE;EUR
Posteljina 6 - dijelna LUX - 47;55681135575427;;;kom;28,59;;;;25,99;25,99;;DA;EUR
Posteljina 6 - dijelna LUX - 48;55681135608195;;;kom;28,59;;;;25,99;25,99;;DA;EUR
Posteljina 6 - dijelna LUX - 49;55681135640963;;;kom;28,59;;;;25,99;25,99;;DA;EUR
Posteljina 6 - dijelna LUX - 5;56418608710019;;;kom;28,59;;;;25,99;25,99;;DA;EUR
Posteljina 6 - dijelna LUX - 50;55681135673731;;;kom;28,59;;;;25,99;25,99;;NE;EUR
Posteljina 6 - dijelna LUX - 51;55681135706499;;;kom;28,59;;;;25,99;25,99;;DA;EUR
Posteljina 6 - dijelna LUX - 52;55681135739267;;;kom;28,59;;;;25,99;25,99;;DA;EUR
Posteljina 6 - dijelna LUX - 53;56418608775555;;;kom;28,59;;;;25,99;25,99;;DA;EUR
Posteljina 6 - dijelna LUX - 54;56463972532611;;;kom;28,59;;;;25,99;25,99;;DA;EUR
Posteljina 6 - dijelna LUX - 55;56463972565379;;;kom;28,59;;;;25,99;25,99;;DA;EUR
Posteljina 6 - dijelna LUX - 56;57178833486211;;;kom;28,59;;;;25,99;25,99;;DA;EUR
Posteljina 6 - dijelna LUX - 57;57178833518979;;;kom;28,59;;;;25,99;25,99;;DA;EUR
Posteljina 6 - dijelna LUX - 58;57178833551747;;;kom;28,59;;;;25,99;25,99;;NE;EUR
Posteljina 6 - dijelna LUX - 59;57178833584515;;;kom;28,59;;;;25,99;25,99;;DA;EUR
Posteljina 6 - dijelna LUX - 6;55681134264707;;;kom;28,59;;;;25,99;25,99;;DA;EUR
Posteljina 6 - dijelna LUX - 60;57178833617283;;;kom;28,59;;;;25,99;25,99;;DA;EUR
Posteljina 6 - dijelna LUX - 61;57178833650051;;;kom;28,59;;;;25,99;25,99;;NE;EUR
Posteljina 6 - dijelna LUX - 62;57178833682819;;;kom;28,59;;;;25,99;25,99;;DA;EUR
Posteljina 6 - dijelna LUX - 63;57178833715587;;;kom;28,59;;;;25,99;25,99;;DA;EUR
Posteljina 6 - dijelna LUX - 64;57178833748355;;;kom;28,59;;;;25,99;25,99;;NE;EUR
Posteljina 6 - dijelna LUX - 65;57178833781123;;;kom;28,59;;;;25,99;25,99;;DA;EUR
Posteljina 6 - dijelna LUX - 66;57178833813891;;;kom;28,59;;;;25,99;25,99;;NE;EUR
Posteljina 6 - dijelna LUX - 67;57178833846659;;;kom;28,59;;;;25,99;25,99;;DA;EUR
Posteljina 6 - dijelna LUX - 68;57178833879427;;;kom;28,59;;;;25,99;25,99;;NE;EUR
Posteljina 6 - dijelna LUX - 69;57178833912195;;;kom;28,59;;;;25,99;25,99;;NE;EUR
Posteljina 6 - dijelna LUX - 7;55681134297475;;;kom;28,59;;;;25,99;25,99;;DA;EUR
Posteljina 6 - dijelna LUX - 70;57178833944963;;;kom;28,59;;;;25,99;25,99;;DA;EUR
Posteljina 6 - dijelna LUX - 71;57178833977731;;;kom;28,59;;;;25,99;25,99;;DA;EUR
Posteljina 6 - dijelna LUX - 72;57178834010499;;;kom;28,59;;;;25,99;25,99;;DA;EUR
Posteljina 6 - dijelna LUX - 73;57178834043267;;;kom;28,59;;;;25,99;25,99;;DA;EUR
Posteljina 6 - dijelna LUX - 74;57178834076035;;;kom;28,59;;;;25,99;25,99;;DA;EUR
Posteljina 6 - dijelna LUX - 75;57178834108803;;;kom;28,59;;;;25,99;25,99;;NE;EUR
Posteljina 6 - dijelna LUX - 76;57178834141571;;;kom;28,59;;;;25,99;25,99;;DA;EUR
Posteljina 6 - dijelna LUX - 77;57178834174339;;;kom;28,59;;;;25,99;25,99;;DA;EUR
Posteljina 6 - dijelna LUX - 78;57178834207107;;;kom;28,59;;;;25,99;25,99;;DA;EUR
Posteljina 6 - dijelna LUX - 79;57178834239875;;;kom;28,59;;;;25,99;25,99;;DA;EUR
Posteljina 6 - dijelna LUX - 8;55681134330243;;;kom;28,59;;;;25,99;25,99;;DA;EUR
Posteljina 6 - dijelna LUX - 80;57178834272643;;;kom;28,59;;;;25,99;25,99;;DA;EUR
Posteljina 6 - dijelna LUX - 81;57178834305411;;;kom;28,59;;;;25,99;25,99;;DA;EUR
Posteljina 6 - dijelna LUX - 82;57178834338179;;;kom;28,59;;;;25,99;25,99;;DA;EUR
Posteljina 6 - dijelna LUX - 83;57178834370947;;;kom;28,59;;;;25,99;25,99;;DA;EUR
Posteljina 6 - dijelna LUX - 84;57178834403715;;;kom;28,59;;;;25,99;25,99;;DA;EUR
Posteljina 6 - dijelna LUX - 85;57349000692099;;;kom;28,59;;;;25,99;25,99;;DA;EUR
Posteljina 6 - dijelna LUX - 86;57349000724867;;;kom;28,59;;;;25,99;25,99;;DA;EUR
Posteljina 6 - dijelna LUX - 87;57349000757635;;;kom;28,59;;;;25,99;25,99;;DA;EUR
Posteljina 6 - dijelna LUX - 88;57349000790403;;;kom;28,59;;;;25,99;25,99;;DA;EUR
Posteljina 6 - dijelna LUX - 89;57349000823171;;;kom;28,59;;;;25,99;25,99;;DA;EUR
Posteljina 6 - dijelna LUX - 9;55681134363011;;;kom;28,59;;;;25,99;25,99;;DA;EUR
Posteljina 6 - dijelna LUX - 90;57349000855939;;;kom;28,59;;;;25,99;25,99;;DA;EUR
Posteljina 6 - dijelna LUX - 91;57349000888707;;;kom;28,59;;;;25,99;25,99;;DA;EUR
Posteljina 6 - dijelna LUX - 92;57349000921475;;;kom;28,59;;;;25,99;25,99;;DA;EUR
Posteljina 6 - dijelna LUX - 93;57349000954243;;;kom;28,59;;;;25,99;25,99;;NE;EUR
Posteljina 6 - dijelna LUX - 94;57349000987011;;;kom;28,59;;;;25,99;25,99;;DA;EUR
Posteljina 6 - dijelna LUX - 95;57349001019779;;;kom;28,59;;;;25,99;25,99;;DA;EUR
Posteljina 6 - dijelna LUX - 96;57349001052547;;;kom;28,59;;;;25,99;25,99;;DA;EUR
Posteljina 6 - dijelna LUX - 97;57349001085315;;;kom;28,59;;;;25,99;25,99;;DA;EUR
Posteljina 6 - dijelna LUX - 98;57349001118083;;;kom;28,59;;;;25,99;25,99;;DA;EUR
Posteljina 6 - dijelna LUX - 99;57349001150851;;;kom;28,59;;;;25,99;25,99;;DA;EUR
Posteljina 7-dijelna 23 dezena - 1;55681153925507;;;kom;30,79;;;;27,99;27,99;;DA;EUR
Posteljina 7-dijelna 23 dezena - 10;55681154220419;;;kom;30,79;;;;27,99;27,99;;DA;EUR
Posteljina 7-dijelna 23 dezena - 11;55681154253187;;;kom;30,79;;;;27,99;27,99;;DA;EUR
Posteljina 7-dijelna 23 dezena - 12;55681154285955;;;kom;30,79;;;;27,99;27,99;;DA;EUR
Posteljina 7-dijelna 23 dezena - 13;55681154318723;;;kom;30,79;;;;27,99;27,99;;DA;EUR
Posteljina 7-dijelna 23 dezena - 14;55681154351491;;;kom;30,79;;;;27,99;27,99;;DA;EUR
Posteljina 7-dijelna 23 dezena - 15;55681154384259;;;kom;30,79;;;;27,99;27,99;;DA;EUR
Posteljina 7-dijelna 23 dezena - 16;55681154417027;;;kom;30,79;;;;27,99;27,99;;DA;EUR
Posteljina 7-dijelna 23 dezena - 17;55681154449795;;;kom;30,79;;;;27,99;27,99;;DA;EUR
Posteljina 7-dijelna 23 dezena - 18;55681154482563;;;kom;30,79;;;;27,99;27,99;;DA;EUR
Posteljina 7-dijelna 23 dezena - 19;55681154515331;;;kom;30,79;;;;27,99;27,99;;DA;EUR
Posteljina 7-dijelna 23 dezena - 2;55681153958275;;;kom;30,79;;;;27,99;27,99;;DA;EUR
Posteljina 7-dijelna 23 dezena - 20;55681154548099;;;kom;30,79;;;;27,99;27,99;;DA;EUR
Posteljina 7-dijelna 23 dezena - 21;55681154580867;;;kom;30,79;;;;27,99;27,99;;DA;EUR
Posteljina 7-dijelna 23 dezena - 22;55681154613635;;;kom;30,79;;;;27,99;27,99;;NE;EUR
Posteljina 7-dijelna 23 dezena - 23;55681154646403;;;kom;30,79;;;;27,99;27,99;;DA;EUR
Posteljina 7-dijelna 23 dezena - 3;55681153991043;;;kom;30,79;;;;27,99;27,99;;DA;EUR
Posteljina 7-dijelna 23 dezena - 4;55681154023811;;;kom;30,79;;;;27,99;27,99;;DA;EUR
Posteljina 7-dijelna 23 dezena - 5;55681154056579;;;kom;30,79;;;;27,99;27,99;;DA;EUR
Posteljina 7-dijelna 23 dezena - 6;55681154089347;;;kom;30,79;;;;27,99;27,99;;DA;EUR
Posteljina 7-dijelna 23 dezena - 7;55681154122115;;;kom;30,79;;;;27,99;27,99;;DA;EUR
Posteljina 7-dijelna 23 dezena - 8;55681154154883;;;kom;30,79;;;;27,99;27,99;;DA;EUR
Posteljina 7-dijelna 23 dezena - 9;55681154187651;;;kom;30,79;;;;27,99;27,99;;DA;EUR
Prijenosni Power Bank - New Science WX-13;57889966981507;New Science;;kom;23,38;;;;21,25;21,25;;DA;EUR
Prijenosni Power Bank - New Science WX-14;57889966948739;New Science;;kom;32,89;;;;29,90;29,90;;DA;EUR
Prošiveni poplun od mikrovlakana – dostupan u dvije dimenzije - 140x200 cm;56723248152963;;;kom;29,69;;;;26,99;26,99;;DA;EUR
Prošiveni poplun od mikrovlakana – dostupan u dvije dimenzije - 200x220 cm;56723248185731;;;kom;35,19;;;;31,99;31,99;;DA;EUR
PS4 Kontroler WS-88- 6 boja - crna;57889959084419;;;kom;43,99;;;;39,99;39,99;;DA;EUR
PS4 Kontroler WS-88- 6 boja - Narančasti;57889959215491;;;kom;43,99;;;;39,99;39,99;;DA;EUR
PS4 Kontroler WS-88- 6 boja - rozi;57889959248259;;;kom;43,99;;;;39,99;39,99;;DA;EUR
PS4 Kontroler WS-88- 6 boja - Sivi maskirni;57889959149955;;;kom;43,99;;;;39,99;39,99;;DA;EUR
PS4 Kontroler WS-88- 6 boja - Svijetlo plavi;57889959117187;;;kom;43,99;;;;39,99;39,99;;DA;EUR
PS4 Kontroler WS-88- 6 boja - Zeleni maskirni;57889959182723;;;kom;43,99;;;;39,99;39,99;;DA;EUR
PTZ Rotacijska Nadzorna Kamera JT-8160QJ;55681105068419;;;kom;36,30;;;;36,30;33,00;;DA;EUR
PTZ Rotacijska Nadzorna Kamera JT-8177;55681105199491;;;kom;30,80;;;;30,80;28,00;;DA;EUR
PTZ Rotacijska Nadzorna Kamera JTZ-9697QJ;55681105330563;;;kom;60,50;;;;60,50;55,00;;DA;EUR
Rebrasta deka - 1;57360117793155;;;kom;20,79;;;;18,90;18,90;;DA;EUR
Rebrasta deka - 2;57360117825923;;;kom;20,79;;;;18,90;18,90;;DA;EUR
Rebrasta deka - 3;57360117858691;;;kom;20,79;;;;18,90;18,90;;DA;EUR
Rebrasta deka - 4;57360117891459;;;kom;20,79;;;;18,90;18,90;;DA;EUR
Rebrasta deka - 5;57360117924227;;;kom;20,79;;;;18,90;18,90;;DA;EUR
Rebrasta deka - 6;57360117956995;;;kom;20,79;;;;18,90;18,90;;DA;EUR
Rebrasta deka - 7;57360117989763;;;kom;20,79;;;;18,90;18,90;;DA;EUR
Rebrasta deka 200x230cm/150x200cm - #1 Tamno siva / 150x200;56656500162947;;;kom;19,79;;;;19,79;18,99;;DA;EUR
Rebrasta deka 200x230cm/150x200cm - #1 Tamno siva / 200x230;56656500130179;;;kom;20,89;;;;20,89;18,99;;DA;EUR
Rebrasta deka 200x230cm/150x200cm - #10 Plava / 200x230;56656500588931;;;kom;20,89;;;;20,89;18,99;;DA;EUR
Rebrasta deka 200x230cm/150x200cm - #11 Roza / 200x230;56656500621699;;;kom;20,89;;;;20,89;18,99;;DA;EUR
Rebrasta deka 200x230cm/150x200cm - #12 Ljubičasta / 200x230;56656500654467;;;kom;20,89;;;;20,89;18,99;;DA;EUR
Rebrasta deka 200x230cm/150x200cm - #13 Žuta / 200x230;56656500687235;;;kom;20,89;;;;20,89;18,99;;DA;EUR
Rebrasta deka 200x230cm/150x200cm - #2 Braon / 150x200;56656500228483;;;kom;19,79;;;;19,79;18,99;;DA;EUR
Rebrasta deka 200x230cm/150x200cm - #2 Braon / 200x230;56656500195715;;;kom;20,89;;;;20,89;18,99;;DA;EUR
Rebrasta deka 200x230cm/150x200cm - #3 Bež / 150x200;56656500294019;;;kom;19,79;;;;19,79;18,99;;DA;EUR
Rebrasta deka 200x230cm/150x200cm - #3 Bež / 200x230;56656500261251;;;kom;20,89;;;;20,89;18,99;;DA;EUR
Rebrasta deka 200x230cm/150x200cm - #4 Krem / 150x200;56656500359555;;;kom;19,79;;;;19,79;18,99;;DA;EUR
Rebrasta deka 200x230cm/150x200cm - #4 Krem / 200x230;56656500326787;;;kom;20,89;;;;20,89;18,99;;DA;EUR
Rebrasta deka 200x230cm/150x200cm - #5 Bordo / 150x200;56656500425091;;;kom;19,79;;;;19,79;18,99;;NE;EUR
Rebrasta deka 200x230cm/150x200cm - #5 Bordo / 200x230;56656500392323;;;kom;20,89;;;;20,89;18,99;;DA;EUR
Rebrasta deka 200x230cm/150x200cm - #6 Zelena / 200x230;56656500457859;;;kom;20,89;;;;20,89;18,99;;DA;EUR
Rebrasta deka 200x230cm/150x200cm - #7 Svijetlo plava / 200x230;56656500490627;;;kom;20,89;;;;20,89;18,99;;DA;EUR
Rebrasta deka 200x230cm/150x200cm - #8 Mint / 200x230;56656500523395;;;kom;20,89;;;;20,89;18,99;;DA;EUR
Rebrasta deka 200x230cm/150x200cm - #9 Svijetlo siva / 200x230;56656500556163;;;kom;20,89;;;;20,89;18,99;;DA;EUR
RGB RING 33CM RGB PLAVA;55681110016387;;;kom;31,90;;;;31,90;29,00;;DA;EUR
RGB RING 33CM RGB ROZA;55681109950851;;;kom;31,90;;;;31,90;29,00;;DA;EUR
Set dekorativnih kuhinjskih krpa - Lavanda / 12 krpa;56165990236547;;;kom;21,99;;;;19,99;19,99;;DA;EUR
Set dekorativnih kuhinjskih krpa - Lavanda / 6 krpa;56165990203779;;;kom;16,49;;;;14,99;14,99;;DA;EUR
Set dekorativnih kuhinjskih krpa - Maslina / 12 krpa;56165990302083;;;kom;21,99;;;;19,99;19,99;;DA;EUR
Set dekorativnih kuhinjskih krpa - Maslina / 6 krpa;56165990269315;;;kom;16,49;;;;14,99;14,99;;DA;EUR
Set dekorativnih kuhinjskih krpa - MIX / 12 krpa;56165990367619;;;kom;21,99;;;;19,99;19,99;;DA;EUR
Set dekorativnih kuhinjskih krpa - MIX / 6 krpa;56165990334851;;;kom;16,49;;;;14,99;14,99;;DA;EUR
Set dekorativnih kuhinjskih krpa - Tulipan / 12 krpa;56165990171011;;;kom;21,99;;;;19,99;19,99;;DA;EUR
Set dekorativnih kuhinjskih krpa - Tulipan / 6 krpa;56165990138243;;;kom;16,49;;;;14,99;14,99;;DA;EUR
Set kuhinjskih krpa 100% pamuk - Crna / 10 krpa;55681286340995;;;kom;14,29;;;;12,99;12,99;;DA;EUR
Set kuhinjskih krpa 100% pamuk - Crna / 20 krpa;55681286373763;;;kom;21,99;;;;19,99;19,99;;DA;EUR
Set kuhinjskih krpa 100% pamuk - Naračasta / 10 krpa;55681286537603;;;kom;14,29;;;;12,99;12,99;;DA;EUR
Set kuhinjskih krpa 100% pamuk - Naračasta / 20 krpa;55681286570371;;;kom;21,99;;;;19,99;19,99;;DA;EUR
Set kuhinjskih krpa 100% pamuk - Plava / 10 krpa;55681286472067;;;kom;14,29;;;;12,99;12,99;;NE;EUR
Set kuhinjskih krpa 100% pamuk - Plava / 20 krpa;55681286504835;;;kom;21,99;;;;19,99;19,99;;NE;EUR
Set kuhinjskih krpa 100% pamuk - Roza / 10 krpa;55681286406531;;;kom;14,29;;;;12,99;12,99;;NE;EUR
Set kuhinjskih krpa 100% pamuk - Roza / 20 krpa;55681286439299;;;kom;21,99;;;;19,99;19,99;;NE;EUR
Set kuhinjskih krpa 100% pamuk - Smeđa / 10 krpa;55681286603139;;;kom;14,29;;;;12,99;12,99;;NE;EUR
Set kuhinjskih krpa 100% pamuk - Smeđa / 20 krpa;55681286635907;;;kom;21,99;;;;19,99;19,99;;NE;EUR
Set pamučnih ručnika 70x140 cm, 50x100 cm - 12 ručnika (100x50cm) / 1;55681149272451;;;kom;25,29;;;;22,99;22,99;;DA;EUR
Set pamučnih ručnika 70x140 cm, 50x100 cm - 12 ručnika (100x50cm) / 2;55681149305219;;;kom;25,29;;;;22,99;22,99;;DA;EUR
Set pamučnih ručnika 70x140 cm, 50x100 cm - 12 ručnika (100x50cm) / 3;55681149337987;;;kom;25,29;;;;22,99;22,99;;DA;EUR
Set pamučnih ručnika 70x140 cm, 50x100 cm - 12 ručnika (100x50cm) / 4;55681149370755;;;kom;25,29;;;;22,99;22,99;;DA;EUR
Set pamučnih ručnika 70x140 cm, 50x100 cm - 12 ručnika (100x50cm) / 5;55681149403523;;;kom;25,29;;;;22,99;22,99;;DA;EUR
Set pamučnih ručnika 70x140 cm, 50x100 cm - 12 ručnika (100x50cm) / 6;55681149436291;;;kom;25,29;;;;22,99;22,99;;DA;EUR
Set pamučnih ručnika 70x140 cm, 50x100 cm - 12 ručnika (100x50cm) / 7;55681149469059;;;kom;25,29;;;;22,99;22,99;;DA;EUR
Set pamučnih ručnika 70x140 cm, 50x100 cm - 12 ručnika (100x50cm) / 8;55681149501827;;;kom;25,29;;;;22,99;22,99;;DA;EUR
Set pamučnih ručnika 70x140 cm, 50x100 cm - 6 ručnika (140x70cm) / 1;55681149010307;;;kom;25,29;;;;22,99;22,99;;DA;EUR
Set pamučnih ručnika 70x140 cm, 50x100 cm - 6 ručnika (140x70cm) / 2;55681149043075;;;kom;25,29;;;;22,99;22,99;;DA;EUR
Set pamučnih ručnika 70x140 cm, 50x100 cm - 6 ručnika (140x70cm) / 3;55681149075843;;;kom;25,29;;;;22,99;22,99;;DA;EUR
Set pamučnih ručnika 70x140 cm, 50x100 cm - 6 ručnika (140x70cm) / 4;55681149108611;;;kom;25,29;;;;22,99;22,99;;DA;EUR
Set pamučnih ručnika 70x140 cm, 50x100 cm - 6 ručnika (140x70cm) / 5;55681149141379;;;kom;25,29;;;;22,99;22,99;;DA;EUR
Set pamučnih ručnika 70x140 cm, 50x100 cm - 6 ručnika (140x70cm) / 6;55681149174147;;;kom;25,29;;;;22,99;22,99;;DA;EUR
Set pamučnih ručnika 70x140 cm, 50x100 cm - 6 ručnika (140x70cm) / 7;55681149206915;;;kom;25,29;;;;22,99;22,99;;DA;EUR
Set pamučnih ručnika 70x140 cm, 50x100 cm - 6 ručnika (140x70cm) / 8;55681149239683;;;kom;25,29;;;;22,99;22,99;;DA;EUR
Set prednje i stražnje LED svjetlo za bicikl DL-26;55681110180227;;;kom;13,20;;;;13,20;12,00;;DA;EUR
Set stolnjaka i 6 univerzalnih navlaka za stolice - #1;55681285095811;;;kom;30,79;;;;27,99;27,99;;DA;EUR
Set stolnjaka i 6 univerzalnih navlaka za stolice - #10;55681285390723;;;kom;30,79;;;;27,99;27,99;;DA;EUR
Set stolnjaka i 6 univerzalnih navlaka za stolice - #11;55681285423491;;;kom;30,79;;;;27,99;27,99;;DA;EUR
Set stolnjaka i 6 univerzalnih navlaka za stolice - #12;55681285456259;;;kom;30,79;;;;27,99;27,99;;DA;EUR
Set stolnjaka i 6 univerzalnih navlaka za stolice - #13;55681285489027;;;kom;30,79;;;;27,99;27,99;;DA;EUR
Set stolnjaka i 6 univerzalnih navlaka za stolice - #14;55681285521795;;;kom;30,79;;;;27,99;27,99;;DA;EUR
Set stolnjaka i 6 univerzalnih navlaka za stolice - #15;55681285554563;;;kom;30,79;;;;27,99;27,99;;DA;EUR
Set stolnjaka i 6 univerzalnih navlaka za stolice - #16;56410910523779;;;kom;30,79;;;;27,99;27,99;;NE;EUR
Set stolnjaka i 6 univerzalnih navlaka za stolice - #17;56410910556547;;;kom;30,79;;;;27,99;27,99;;DA;EUR
Set stolnjaka i 6 univerzalnih navlaka za stolice - #18;56410910589315;;;kom;30,79;;;;27,99;27,99;;DA;EUR
Set stolnjaka i 6 univerzalnih navlaka za stolice - #19;56410910622083;;;kom;30,79;;;;27,99;27,99;;DA;EUR
Set stolnjaka i 6 univerzalnih navlaka za stolice - #2;55681285128579;;;kom;30,79;;;;27,99;27,99;;DA;EUR
Set stolnjaka i 6 univerzalnih navlaka za stolice - #20;56410910654851;;;kom;30,79;;;;27,99;27,99;;DA;EUR
Set stolnjaka i 6 univerzalnih navlaka za stolice - #21;56410910687619;;;kom;30,79;;;;27,99;27,99;;DA;EUR
Set stolnjaka i 6 univerzalnih navlaka za stolice - #22;56410910720387;;;kom;30,79;;;;27,99;27,99;;DA;EUR
Set stolnjaka i 6 univerzalnih navlaka za stolice - #23;56410910753155;;;kom;30,79;;;;27,99;27,99;;DA;EUR
Set stolnjaka i 6 univerzalnih navlaka za stolice - #24;56410910785923;;;kom;30,79;;;;27,99;27,99;;DA;EUR
Set stolnjaka i 6 univerzalnih navlaka za stolice - #25;56410910818691;;;kom;30,79;;;;27,99;27,99;;DA;EUR
Set stolnjaka i 6 univerzalnih navlaka za stolice - #26;56410910851459;;;kom;30,79;;;;27,99;27,99;;DA;EUR
Set stolnjaka i 6 univerzalnih navlaka za stolice - #27;56410910884227;;;kom;30,79;;;;27,99;27,99;;NE;EUR
Set stolnjaka i 6 univerzalnih navlaka za stolice - #3;55681285161347;;;kom;30,79;;;;27,99;27,99;;DA;EUR
Set stolnjaka i 6 univerzalnih navlaka za stolice - #4;55681285194115;;;kom;30,79;;;;27,99;27,99;;DA;EUR
Set stolnjaka i 6 univerzalnih navlaka za stolice - #5;55681285226883;;;kom;30,79;;;;27,99;27,99;;DA;EUR
Set stolnjaka i 6 univerzalnih navlaka za stolice - #6;55681285259651;;;kom;30,79;;;;27,99;27,99;;DA;EUR
Set stolnjaka i 6 univerzalnih navlaka za stolice - #7;55681285292419;;;kom;30,79;;;;27,99;27,99;;DA;EUR
Set stolnjaka i 6 univerzalnih navlaka za stolice - #8;55681285325187;;;kom;30,79;;;;27,99;27,99;;DA;EUR
Set stolnjaka i 6 univerzalnih navlaka za stolice - #9;55681285357955;;;kom;30,79;;;;27,99;27,99;;DA;EUR
Soft Deka 3 kg – 200x240 cm - 1;56500132249987;;;kom;41,79;;;;37,99;37,99;;DA;EUR
Soft Deka 3 kg – 200x240 cm - 10;56500132544899;;;kom;41,79;;;;37,99;37,99;;DA;EUR
Soft Deka 3 kg – 200x240 cm - 11;56500132577667;;;kom;41,79;;;;37,99;37,99;;DA;EUR
Soft Deka 3 kg – 200x240 cm - 12;56500132610435;;;kom;41,79;;;;37,99;37,99;;DA;EUR
Soft Deka 3 kg – 200x240 cm - 13;56500132643203;;;kom;41,79;;;;37,99;37,99;;DA;EUR
Soft Deka 3 kg – 200x240 cm - 14;56500132675971;;;kom;41,79;;;;37,99;37,99;;DA;EUR
Soft Deka 3 kg – 200x240 cm - 15;56500132708739;;;kom;41,79;;;;37,99;37,99;;DA;EUR
Soft Deka 3 kg – 200x240 cm - 16;56500132741507;;;kom;41,79;;;;37,99;37,99;;DA;EUR
Soft Deka 3 kg – 200x240 cm - 17;56500132774275;;;kom;41,79;;;;37,99;37,99;;DA;EUR
Soft Deka 3 kg – 200x240 cm - 18;56500132807043;;;kom;41,79;;;;37,99;37,99;;DA;EUR
Soft Deka 3 kg – 200x240 cm - 19;56500132839811;;;kom;41,79;;;;37,99;37,99;;DA;EUR
Soft Deka 3 kg – 200x240 cm - 2;56500132282755;;;kom;41,79;;;;37,99;37,99;;DA;EUR
Soft Deka 3 kg – 200x240 cm - 20;56500132872579;;;kom;41,79;;;;37,99;37,99;;DA;EUR
Soft Deka 3 kg – 200x240 cm - 21;56500132905347;;;kom;41,79;;;;37,99;37,99;;DA;EUR
Soft Deka 3 kg – 200x240 cm - 22;56500132938115;;;kom;41,79;;;;37,99;37,99;;DA;EUR
Soft Deka 3 kg – 200x240 cm - 23;56500132970883;;;kom;41,79;;;;37,99;37,99;;DA;EUR
Soft Deka 3 kg – 200x240 cm - 24;56500133003651;;;kom;41,79;;;;37,99;37,99;;DA;EUR
Soft Deka 3 kg – 200x240 cm - 25;56500133036419;;;kom;41,79;;;;37,99;37,99;;DA;EUR
Soft Deka 3 kg – 200x240 cm - 26;56500133069187;;;kom;41,79;;;;37,99;37,99;;DA;EUR
Soft Deka 3 kg – 200x240 cm - 27;56500133101955;;;kom;41,79;;;;37,99;37,99;;DA;EUR
Soft Deka 3 kg – 200x240 cm - 28;56500133134723;;;kom;41,79;;;;37,99;37,99;;DA;EUR
Soft Deka 3 kg – 200x240 cm - 29;56500133167491;;;kom;41,79;;;;37,99;37,99;;DA;EUR
Soft Deka 3 kg – 200x240 cm - 3;56500132315523;;;kom;41,79;;;;37,99;37,99;;DA;EUR
Soft Deka 3 kg – 200x240 cm - 30;56500133200259;;;kom;41,79;;;;37,99;37,99;;DA;EUR
Soft Deka 3 kg – 200x240 cm - 31;56500133233027;;;kom;41,79;;;;37,99;37,99;;DA;EUR
Soft Deka 3 kg – 200x240 cm - 32;56500133265795;;;kom;41,79;;;;37,99;37,99;;DA;EUR
Soft Deka 3 kg – 200x240 cm - 33;56500133298563;;;kom;41,79;;;;37,99;37,99;;DA;EUR
Soft Deka 3 kg – 200x240 cm - 4;56500132348291;;;kom;41,79;;;;37,99;37,99;;DA;EUR
Soft Deka 3 kg – 200x240 cm - 5;56500132381059;;;kom;41,79;;;;37,99;37,99;;DA;EUR
Soft Deka 3 kg – 200x240 cm - 6;56500132413827;;;kom;41,79;;;;37,99;37,99;;DA;EUR
Soft Deka 3 kg – 200x240 cm - 7;56500132446595;;;kom;41,79;;;;37,99;37,99;;DA;EUR
Soft Deka 3 kg – 200x240 cm - 8;56500132479363;;;kom;41,79;;;;37,99;37,99;;DA;EUR
Soft Deka 3 kg – 200x240 cm - 9;56500132512131;;;kom;41,79;;;;37,99;37,99;;DA;EUR
Soft Elegance ručnici - 2400g - 12 ručnika (50x100) / 1;62741281571203;;;kom;26,39;;;;26,39;;;DA;EUR
Soft Elegance ručnici - 2400g - 12 ručnika (50x100) / 2;62741281603971;;;kom;26,39;;;;26,39;;;DA;EUR
Soft Elegance ručnici - 2400g - 12 ručnika (50x100) / 3;62741281636739;;;kom;26,39;;;;26,39;;;DA;EUR
Soft Elegance ručnici - 2400g - 12 ručnika (50x100) / 4;62741281669507;;;kom;26,39;;;;26,39;;;DA;EUR
Soft Elegance ručnici - 2400g - 12 ručnika (50x100) / 5;62741281702275;;;kom;26,39;;;;26,39;;;DA;EUR
Soft Elegance ručnici - 2400g - 6 ručnika (70x140) / 1;57004877873539;;;kom;26,39;;;;23,99;23,99;;DA;EUR
Soft Elegance ručnici - 2400g - 6 ručnika (70x140) / 2;62741281440131;;;kom;26,39;;;;26,39;;;DA;EUR
Soft Elegance ručnici - 2400g - 6 ručnika (70x140) / 3;62741281472899;;;kom;26,39;;;;26,39;;;DA;EUR
Soft Elegance ručnici - 2400g - 6 ručnika (70x140) / 4;62741281505667;;;kom;26,39;;;;26,39;;;DA;EUR
Soft Elegance ručnici - 2400g - 6 ručnika (70x140) / 5;62741281538435;;;kom;26,39;;;;26,39;;;DA;EUR
Solarna LED vanjska lampa sa senzorom pokreta SW-2800-4;55681110344067;;;kom;20,90;;;;20,90;19,00;;DA;EUR
Solarna LED vanjska lampa SW2015-PIR;55681110442371;;;kom;15,40;;;;15,40;14,00;;DA;EUR
Solarna LED Vanjska Lampa SW2800;55681110704515;;;kom;15,40;;;;15,40;14,00;;DA;EUR
Solarna LED vanjska lampa SW2800-2 s senzorom pokreta;55681110802819;;;kom;15,40;;;;15,40;14,00;;DA;EUR
Solarna LED vanjska lampa W2013-PIR;55681110966659;;;kom;19,80;;;;18,00;18,00;;DA;EUR
Solarne LED vrtne svjetiljke - Set 12 kom;55681111261571;;;kom;21,99;;;;19,99;19,99;;DA;EUR
Solarne LED vrtne svjetiljke - Set 4 kom;55681111196035;;;kom;10,99;;;;9,99;9,99;;DA;EUR
Solarne LED vrtne svjetiljke - Set 8 kom;55681111228803;;;kom;16,49;;;;14,99;14,99;;DA;EUR
Solarno LED svjetlo za vanjsku upotrebu IC-SW6080-PIR;55681111523715;;;kom;15,39;;;;13,99;13,99;;DA;EUR
Solarno LED svjetlo za vanjsku upotrebu IC-SW6081-PIR;55681111785859;;;kom;20,89;;;;18,99;18,99;;DA;EUR
Solarno LED svjetlo za vanjsku upotrebu SW2012-PIR;55681111916931;;;kom;15,39;;;;13,99;13,99;;DA;EUR
stereo slušalice s mikrofonom A-625 - bijela;57889960952195;;;kom;18,59;;;;16,90;16,90;;DA;EUR
stereo slušalice s mikrofonom A-625 - crna;57889960984963;;;kom;18,59;;;;16,90;16,90;;DA;EUR
stereo slušalice s mikrofonom A-625 - roza;57889961017731;;;kom;18,59;;;;16,90;16,90;;DA;EUR
stereo slušalice s mikrofonom A-625 - zelena;57889961050499;;;kom;18,59;;;;16,90;16,90;;DA;EUR
Stereo žične slušalice E033 s 3.5mm priključkom;57889960919427;;;kom;7,15;;;;6,50;6,50;;DA;EUR
Stereo žične slušalice TC-10 s Type-C priključkom;57889960886659;;;kom;8,80;;;;8,00;8,00;;DA;EUR
Stolna LED lampa – moderna metalna dekorativna rasvjeta;55901399449987;;;kom;21,99;;;;19,99;19,99;;DA;EUR
Stolna LED lampa DL-32;55681112080771;;;kom;17,59;;;;15,99;15,99;;DA;EUR
SVJETILJKA PUZ SA ZVUČNIKOM K25 LED;143323;;;kom;31,79;;;;28,90;28,90;;DA;EUR
Svjetleća deka - 1;62741302083971;;;kom;21,99;;;;21,99;;;DA;EUR
Svjetleća deka - 10;62741302378883;;;kom;21,99;;;;21,99;;;DA;EUR
Svjetleća deka - 11;62741302411651;;;kom;21,99;;;;21,99;;;DA;EUR
Svjetleća deka - 2;62741302116739;;;kom;21,99;;;;21,99;;;DA;EUR
Svjetleća deka - 3;62741302149507;;;kom;21,99;;;;21,99;;;DA;EUR
Svjetleća deka - 4;62741302182275;;;kom;21,99;;;;21,99;;;DA;EUR
Svjetleća deka - 5;62741302215043;;;kom;21,99;;;;21,99;;;DA;EUR
Svjetleća deka - 6;62741302247811;;;kom;21,99;;;;21,99;;;DA;EUR
Svjetleća deka - 7;62741302280579;;;kom;21,99;;;;21,99;;;DA;EUR
Svjetleća deka - 8;62741302313347;;;kom;21,99;;;;21,99;;;DA;EUR
Svjetleća deka - 9;62741302346115;;;kom;21,99;;;;21,99;;;DA;EUR
Tematske kuhinjske krpe - Kava;56222229004675;;;kom;15,39;;;;13,99;13,99;;DA;EUR
Tematske kuhinjske krpe - Lavanda;56222229037443;;;kom;15,39;;;;13,99;13,99;;DA;EUR
Tematske kuhinjske krpe - Maslina;56222228971907;;;kom;15,39;;;;13,99;13,99;;DA;EUR
Tematske kuhinjske krpe - Srce;56222229070211;;;kom;15,39;;;;13,99;13,99;;DA;EUR
Tematske kuhinjske krpe - Voće;56222228939139;;;kom;15,39;;;;13,99;13,99;;DA;EUR
Udobna sjedalica za stolicu – 35 cm - Bordo / 4;56622201864579;;;kom;31,89;;;;28,99;28,99;;DA;EUR
Udobna sjedalica za stolicu – 35 cm - Bordo / 6;56622201897347;;;kom;41,79;;;;37,99;37,99;;DA;EUR
Udobna sjedalica za stolicu – 35 cm - Bordo / 8;56622201930115;;;kom;51,69;;;;46,99;46,99;;DA;EUR
Udobna sjedalica za stolicu – 35 cm - Narančasta / 4;56622201962883;;;kom;31,89;;;;28,99;28,99;;DA;EUR
Udobna sjedalica za stolicu – 35 cm - Narančasta / 6;56622201995651;;;kom;41,79;;;;37,99;37,99;;DA;EUR
Udobna sjedalica za stolicu – 35 cm - Narančasta / 8;56622202028419;;;kom;51,69;;;;46,99;46,99;;DA;EUR
Udobna sjedalica za stolicu – 35 cm - Plava / 4;56622201373059;;;kom;31,89;;;;28,99;28,99;;DA;EUR
Udobna sjedalica za stolicu – 35 cm - Plava / 6;56622201405827;;;kom;41,79;;;;37,99;37,99;;DA;EUR
Udobna sjedalica za stolicu – 35 cm - Plava / 8;56622201438595;;;kom;51,69;;;;46,99;46,99;;DA;EUR
Udobna sjedalica za stolicu – 35 cm - Roza / 4;56622201471363;;;kom;31,89;;;;28,99;28,99;;DA;EUR
Udobna sjedalica za stolicu – 35 cm - Roza / 6;56622201504131;;;kom;41,79;;;;37,99;37,99;;DA;EUR
Udobna sjedalica za stolicu – 35 cm - Roza / 8;56622201536899;;;kom;51,69;;;;46,99;46,99;;DA;EUR
Udobna sjedalica za stolicu – 35 cm - Siva / 4;56622201569667;;;kom;31,89;;;;28,99;28,99;;DA;EUR
Udobna sjedalica za stolicu – 35 cm - Siva / 6;56622201602435;;;kom;41,79;;;;37,99;37,99;;DA;EUR
Udobna sjedalica za stolicu – 35 cm - Siva / 8;56622201635203;;;kom;51,69;;;;46,99;46,99;;DA;EUR
Udobna sjedalica za stolicu – 35 cm - Tamnosiva / 4;56622201667971;;;kom;31,89;;;;28,99;28,99;;DA;EUR
Udobna sjedalica za stolicu – 35 cm - Tamnosiva / 6;56622201700739;;;kom;41,79;;;;37,99;37,99;;DA;EUR
Udobna sjedalica za stolicu – 35 cm - Tamnosiva / 8;56622201733507;;;kom;51,69;;;;46,99;46,99;;DA;EUR
Udobna sjedalica za stolicu – 35 cm - Zelena / 4;56622201766275;;;kom;31,89;;;;28,99;28,99;;DA;EUR
Udobna sjedalica za stolicu – 35 cm - Zelena / 6;56622201799043;;;kom;41,79;;;;37,99;37,99;;DA;EUR
Udobna sjedalica za stolicu – 35 cm - Zelena / 8;56622201831811;;;kom;51,69;;;;46,99;46,99;;DA;EUR
Ultra soft Karirana deka - 1 / 150x200;56446266933635;;;kom;19,79;;;;17,99;17,99;;DA;EUR
Ultra soft Karirana deka - 1 / 200x230;56446266900867;;;kom;21,99;;;;19,99;19,99;;DA;EUR
Ultra soft Karirana deka - 2 / 150x200;56446266999171;;;kom;19,79;;;;17,99;17,99;;DA;EUR
Ultra soft Karirana deka - 2 / 200x230;56446266966403;;;kom;21,99;;;;19,99;19,99;;DA;EUR
Ultra soft Karirana deka - 3 / 150x200;56446267064707;;;kom;19,79;;;;17,99;17,99;;DA;EUR
Ultra soft Karirana deka - 3 / 200x230;56446267031939;;;kom;21,99;;;;19,99;19,99;;DA;EUR
Ultra soft Karirana deka - 4 / 150x200;56446267130243;;;kom;19,79;;;;17,99;17,99;;DA;EUR
Ultra soft Karirana deka - 4 / 200x230;56446267097475;;;kom;21,99;;;;19,99;19,99;;DA;EUR
Višenamjenske žičane slušalice A-624 – 5 u 1;57889960526211;;;kom;26,29;;;;23,90;23,90;;DA;EUR
Vodonepropusna navlaka za madrac - 180x200 cm;55681112801667;;;kom;20,89;;;;18,99;18,99;;DA;EUR
Vodonepropusna navlaka za madrac - 200x200 cm;55681112834435;;;kom;21,99;;;;19,99;19,99;;DA;EUR
Wave deka - 1 / 150x200;57360511631747;;;kom;20,89;;;;18,99;18,99;;DA;EUR
Wave deka - 1 / 200x230;57360499442051;;;kom;23,09;;;;20,99;20,99;;DA;EUR
Wave deka - 2 / 150x200;57360511664515;;;kom;20,89;;;;18,99;18,99;;DA;EUR
Wave deka - 2 / 200x230;57360499474819;;;kom;23,09;;;;20,99;20,99;;DA;EUR
Wave deka - 3 / 150x200;57360511697283;;;kom;20,89;;;;18,99;18,99;;DA;EUR
Wave deka - 3 / 200x230;57360499507587;;;kom;23,09;;;;20,99;20,99;;DA;EUR
Wave deka - 4 / 150x200;57360511730051;;;kom;20,89;;;;18,99;18,99;;DA;EUR
Wave deka - 4 / 200x230;57360499540355;;;kom;23,09;;;;20,99;20,99;;DA;EUR
Wave deka - 5 / 150x200;57360511762819;;;kom;20,89;;;;18,99;18,99;;DA;EUR
Wave deka - 5 / 200x230;57360499573123;;;kom;23,09;;;;20,99;20,99;;DA;EUR
Wave deka - 6 / 150x200;57360511795587;;;kom;20,89;;;;18,99;18,99;;DA;EUR
Wave deka - 6 / 200x230;57360499605891;;;kom;23,09;;;;20,99;20,99;;DA;EUR
Wave deka - 7 / 150x200;57360511828355;;;kom;20,89;;;;18,99;18,99;;DA;EUR
Wave deka - 7 / 200x230;57360499638659;;;kom;23,09;;;;20,99;20,99;;DA;EUR
Wave deka - 8 / 150x200;57360511861123;;;kom;20,89;;;;18,99;18,99;;DA;EUR
Wave deka - 8 / 200x230;57360499671427;;;kom;23,09;;;;20,99;20,99;;DA;EUR
WiFi Gun Ball Kamera JT-9696;55681105461635;;;kom;44,00;;;;44,00;40,00;;DA;EUR
WiFi Solarna Kamera ABQ-Q1;55681105592707;;;kom;82,50;;;;82,50;75,00;;DA;EUR
Zamjenski Samsung Daljinski Model BN-01259B;57889962525059;New Science;;kom;15,29;;;;13,90;13,90;;DA;EUR
Zamjenski Samsung TV Daljinski Model AKB72915238;57889962426755;New Science;;kom;12,65;;;;11,50;11,50;;DA;EUR
Zamjenski Samsung TV Daljinski Upravljač Model AA59-00786A;57889962393987;New Science;;kom;10,99;;;;9,99;9,99;;DA;EUR
Zamjenski Samsung TV Daljinski Upravljač Model RM-D1078;57889962328451;New Science;;kom;14,19;;;;12,90;12,90;;DA;EUR
Zamjenski Sony TV Blu-Ray 3D Daljinski Upravljač RMT-TZ300A;57889962361219;New Science;;kom;18,37;;;;16,70;16,70;;DA;EUR
ZVUČNIK  MICRO KARAOKE K14 BIJELA;57889963377027;;;kom;35,20;;;;32,00;32,00;;DA;EUR
ZVUČNIK 360 NSE-008;57889963344259;;;kom;42,90;;;;39,00;39,00;;DA;EUR
ZVUČNIK BEŽIČNI K19;141916;;;kom;27,39;;;;24,90;24,90;;DA;EUR
ZVUČNIK BEŽIČNI K21;142234;;;kom;15,95;;;;14,50;14,50;;DA;EUR
ZVUČNIK BEŽIČNI K22;142500;;;kom;20,79;;;;18,90;18,90;;DA;EUR
ZVUČNIK BEŽIČNI K23;142517;;;kom;20,79;;;;18,90;18,90;;DA;EUR
ZVUČNIK BEŽIČNI K24;142524;;;kom;24,75;;;;22,50;22,50;;DA;EUR
ZVUČNIK G SA BEŽIČNIM PUNJENJEM  K1;142913;;;kom;26,40;;;;24,00;24,00;;DA;EUR
ZVUČNIK LED SA BEŽIČNIM PUNJENJEM I SATOM;57889963049347;;;kom;32,89;;;;29,90;29,90;;DA;EUR
ZVUČNIK NSE-006 (Crveni);57889963016579;New Science;;kom;27,39;;;;24,90;24,90;;DA;EUR
ZVUČNIK NSE-006 (Zeleni);57889962983811;New Science;;kom;27,39;;;;24,90;24,90;;DA;EUR
ZVUČNIK NSE-007 Crveni;57889962951043;;;kom;27,39;;;;24,90;24,90;;DA;EUR
ZVUČNIK NSE-007 Zeleni;57889962918275;;;kom;26,29;;;;23,90;23,90;;DA;EUR
ZVUČNIK SA DVA MIKROFONA K11 BIJELA;57889962852739;;;kom;38,39;;;;34,90;34,90;;DA;EUR
ZVUČNIK SA DVA MIKROFONA K11 CRNI;57889962819971;;;kom;38,39;;;;34,90;34,90;;DA;EUR
ZVUČNIK SA MIKROFONOM K10 BIJELA;57889962787203;;;kom;30,80;;;;28,00;28,00;;DA;EUR
ZVUČNIK SA mikrofonom K10 CRNI;57889962754435;;;kom;30,80;;;;28,00;28,00;;DA;EUR
ZVUČNIK SA SVJETLOM LED K20;142227;;;kom;19,25;;;;17,50;17,50;;DA;EUR
Žičane slušalice s mikrofonom A-638-1 – crne;57889960853891;;;kom;20,79;;;;18,90;18,90;;DA;EUR
Žične stereo slušalice JS-030;57889960788355;;;kom;7,15;;;;6,50;6,50;;DA;EUR
